,a_education,b_income,c_eastwest,d_sex,e_age,f_political_interest,g_preferred_party,p
0,EHER GEBILDET,EHER HOCH,ALTE BUNDESLAENDER,FRAU,ALT,JA,AFD,0.000888494002665
1,EHER GEBILDET,EHER HOCH,ALTE BUNDESLAENDER,FRAU,ALT,JA,CDU-CSU,0.00533096401599
2,EHER GEBILDET,EHER HOCH,ALTE BUNDESLAENDER,FRAU,ALT,JA,DIE GRUENEN,0.002665482008
3,EHER GEBILDET,EHER HOCH,ALTE BUNDESLAENDER,FRAU,ALT,JA,DIE LINKE,0.0
4,EHER GEBILDET,EHER HOCH,ALTE BUNDESLAENDER,FRAU,ALT,JA,FDP,0.002665482008
5,EHER GEBILDET,EHER HOCH,ALTE BUNDESLAENDER,FRAU,ALT,JA,NPD,0.0
6,EHER GEBILDET,EHER HOCH,ALTE BUNDESLAENDER,FRAU,ALT,JA,SPD,0.00577521101733
7,EHER GEBILDET,EHER HOCH,ALTE BUNDESLAENDER,FRAU,ALT,JA,WUERDE NICHT WAEHLEN,0.000444247001333
8,EHER GEBILDET,EHER HOCH,ALTE BUNDESLAENDER,FRAU,ALT,NEIN,AFD,0.0
9,EHER GEBILDET,EHER HOCH,ALTE BUNDESLAENDER,FRAU,ALT,NEIN,CDU-CSU,0.001332741004
10,EHER GEBILDET,EHER HOCH,ALTE BUNDESLAENDER,FRAU,ALT,NEIN,DIE GRUENEN,0.001332741004
11,EHER GEBILDET,EHER HOCH,ALTE BUNDESLAENDER,FRAU,ALT,NEIN,DIE LINKE,0.0
12,EHER GEBILDET,EHER HOCH,ALTE BUNDESLAENDER,FRAU,ALT,NEIN,FDP,0.000444247001333
13,EHER GEBILDET,EHER HOCH,ALTE BUNDESLAENDER,FRAU,ALT,NEIN,NPD,0.0
14,EHER GEBILDET,EHER HOCH,ALTE BUNDESLAENDER,FRAU,ALT,NEIN,SPD,0.0
15,EHER GEBILDET,EHER HOCH,ALTE BUNDESLAENDER,FRAU,ALT,NEIN,WUERDE NICHT WAEHLEN,0.0
16,EHER GEBILDET,EHER HOCH,ALTE BUNDESLAENDER,FRAU,JUNG,JA,AFD,0.0
17,EHER GEBILDET,EHER HOCH,ALTE BUNDESLAENDER,FRAU,JUNG,JA,CDU-CSU,0.00399822301199
18,EHER GEBILDET,EHER HOCH,ALTE BUNDESLAENDER,FRAU,JUNG,JA,DIE GRUENEN,0.00177698800533
19,EHER GEBILDET,EHER HOCH,ALTE BUNDESLAENDER,FRAU,JUNG,JA,DIE LINKE,0.000444247001333
20,EHER GEBILDET,EHER HOCH,ALTE BUNDESLAENDER,FRAU,JUNG,JA,FDP,0.000444247001333
21,EHER GEBILDET,EHER HOCH,ALTE BUNDESLAENDER,FRAU,JUNG,JA,NPD,0.0
22,EHER GEBILDET,EHER HOCH,ALTE BUNDESLAENDER,FRAU,JUNG,JA,SPD,0.000444247001333
23,EHER GEBILDET,EHER HOCH,ALTE BUNDESLAENDER,FRAU,JUNG,JA,WUERDE NICHT WAEHLEN,0.0
24,EHER GEBILDET,EHER HOCH,ALTE BUNDESLAENDER,FRAU,JUNG,NEIN,AFD,0.0
25,EHER GEBILDET,EHER HOCH,ALTE BUNDESLAENDER,FRAU,JUNG,NEIN,CDU-CSU,0.001332741004
26,EHER GEBILDET,EHER HOCH,ALTE BUNDESLAENDER,FRAU,JUNG,NEIN,DIE GRUENEN,0.001332741004
27,EHER GEBILDET,EHER HOCH,ALTE BUNDESLAENDER,FRAU,JUNG,NEIN,DIE LINKE,0.0
28,EHER GEBILDET,EHER HOCH,ALTE BUNDESLAENDER,FRAU,JUNG,NEIN,FDP,0.0
29,EHER GEBILDET,EHER HOCH,ALTE BUNDESLAENDER,FRAU,JUNG,NEIN,NPD,0.0
30,EHER GEBILDET,EHER HOCH,ALTE BUNDESLAENDER,FRAU,JUNG,NEIN,SPD,0.000888494002665
31,EHER GEBILDET,EHER HOCH,ALTE BUNDESLAENDER,FRAU,JUNG,NEIN,WUERDE NICHT WAEHLEN,0.0
32,EHER GEBILDET,EHER HOCH,ALTE BUNDESLAENDER,MANN,ALT,JA,AFD,0.00844069302532
33,EHER GEBILDET,EHER HOCH,ALTE BUNDESLAENDER,MANN,ALT,JA,CDU-CSU,0.021323856064
34,EHER GEBILDET,EHER HOCH,ALTE BUNDESLAENDER,MANN,ALT,JA,DIE GRUENEN,0.010661928032
35,EHER GEBILDET,EHER HOCH,ALTE BUNDESLAENDER,MANN,ALT,JA,DIE LINKE,0.00399822301199
36,EHER GEBILDET,EHER HOCH,ALTE BUNDESLAENDER,MANN,ALT,JA,FDP,0.00888494002665
37,EHER GEBILDET,EHER HOCH,ALTE BUNDESLAENDER,MANN,ALT,JA,NPD,0.0
38,EHER GEBILDET,EHER HOCH,ALTE BUNDESLAENDER,MANN,ALT,JA,SPD,0.00844069302532
39,EHER GEBILDET,EHER HOCH,ALTE BUNDESLAENDER,MANN,ALT,JA,WUERDE NICHT WAEHLEN,0.00222123500666
40,EHER GEBILDET,EHER HOCH,ALTE BUNDESLAENDER,MANN,ALT,NEIN,AFD,0.0
41,EHER GEBILDET,EHER HOCH,ALTE BUNDESLAENDER,MANN,ALT,NEIN,CDU-CSU,0.0
42,EHER GEBILDET,EHER HOCH,ALTE BUNDESLAENDER,MANN,ALT,NEIN,DIE GRUENEN,0.001332741004
43,EHER GEBILDET,EHER HOCH,ALTE BUNDESLAENDER,MANN,ALT,NEIN,DIE LINKE,0.0
44,EHER GEBILDET,EHER HOCH,ALTE BUNDESLAENDER,MANN,ALT,NEIN,FDP,0.000888494002665
45,EHER GEBILDET,EHER HOCH,ALTE BUNDESLAENDER,MANN,ALT,NEIN,NPD,0.0
46,EHER GEBILDET,EHER HOCH,ALTE BUNDESLAENDER,MANN,ALT,NEIN,SPD,0.000888494002665
47,EHER GEBILDET,EHER HOCH,ALTE BUNDESLAENDER,MANN,ALT,NEIN,WUERDE NICHT WAEHLEN,0.000444247001333
48,EHER GEBILDET,EHER HOCH,ALTE BUNDESLAENDER,MANN,JUNG,JA,AFD,0.00222123500666
49,EHER GEBILDET,EHER HOCH,ALTE BUNDESLAENDER,MANN,JUNG,JA,CDU-CSU,0.0102176810307
50,EHER GEBILDET,EHER HOCH,ALTE BUNDESLAENDER,MANN,JUNG,JA,DIE GRUENEN,0.00310972900933
51,EHER GEBILDET,EHER HOCH,ALTE BUNDESLAENDER,MANN,JUNG,JA,DIE LINKE,0.000444247001333
52,EHER GEBILDET,EHER HOCH,ALTE BUNDESLAENDER,MANN,JUNG,JA,FDP,0.00399822301199
53,EHER GEBILDET,EHER HOCH,ALTE BUNDESLAENDER,MANN,JUNG,JA,NPD,0.0
54,EHER GEBILDET,EHER HOCH,ALTE BUNDESLAENDER,MANN,JUNG,JA,SPD,0.00310972900933
55,EHER GEBILDET,EHER HOCH,ALTE BUNDESLAENDER,MANN,JUNG,JA,WUERDE NICHT WAEHLEN,0.000888494002665
56,EHER GEBILDET,EHER HOCH,ALTE BUNDESLAENDER,MANN,JUNG,NEIN,AFD,0.0
57,EHER GEBILDET,EHER HOCH,ALTE BUNDESLAENDER,MANN,JUNG,NEIN,CDU-CSU,0.0
58,EHER GEBILDET,EHER HOCH,ALTE BUNDESLAENDER,MANN,JUNG,NEIN,DIE GRUENEN,0.0
59,EHER GEBILDET,EHER HOCH,ALTE BUNDESLAENDER,MANN,JUNG,NEIN,DIE LINKE,0.0
60,EHER GEBILDET,EHER HOCH,ALTE BUNDESLAENDER,MANN,JUNG,NEIN,FDP,0.000444247001333
61,EHER GEBILDET,EHER HOCH,ALTE BUNDESLAENDER,MANN,JUNG,NEIN,NPD,0.0
62,EHER GEBILDET,EHER HOCH,ALTE BUNDESLAENDER,MANN,JUNG,NEIN,SPD,0.000888494002665
63,EHER GEBILDET,EHER HOCH,ALTE BUNDESLAENDER,MANN,JUNG,NEIN,WUERDE NICHT WAEHLEN,0.000888494002665
64,EHER GEBILDET,EHER HOCH,NEUE BUNDESLAENDER,FRAU,ALT,JA,AFD,0.000444247001333
65,EHER GEBILDET,EHER HOCH,NEUE BUNDESLAENDER,FRAU,ALT,JA,CDU-CSU,0.000888494002665
66,EHER GEBILDET,EHER HOCH,NEUE BUNDESLAENDER,FRAU,ALT,JA,DIE GRUENEN,0.001332741004
67,EHER GEBILDET,EHER HOCH,NEUE BUNDESLAENDER,FRAU,ALT,JA,DIE LINKE,0.001332741004
68,EHER GEBILDET,EHER HOCH,NEUE BUNDESLAENDER,FRAU,ALT,JA,FDP,0.000444247001333
69,EHER GEBILDET,EHER HOCH,NEUE BUNDESLAENDER,FRAU,ALT,JA,NPD,0.0
70,EHER GEBILDET,EHER HOCH,NEUE BUNDESLAENDER,FRAU,ALT,JA,SPD,0.000888494002665
71,EHER GEBILDET,EHER HOCH,NEUE BUNDESLAENDER,FRAU,ALT,JA,WUERDE NICHT WAEHLEN,0.0
72,EHER GEBILDET,EHER HOCH,NEUE BUNDESLAENDER,FRAU,ALT,NEIN,AFD,0.0
73,EHER GEBILDET,EHER HOCH,NEUE BUNDESLAENDER,FRAU,ALT,NEIN,CDU-CSU,0.0
74,EHER GEBILDET,EHER HOCH,NEUE BUNDESLAENDER,FRAU,ALT,NEIN,DIE GRUENEN,0.0
75,EHER GEBILDET,EHER HOCH,NEUE BUNDESLAENDER,FRAU,ALT,NEIN,DIE LINKE,0.0
76,EHER GEBILDET,EHER HOCH,NEUE BUNDESLAENDER,FRAU,ALT,NEIN,FDP,0.0
77,EHER GEBILDET,EHER HOCH,NEUE BUNDESLAENDER,FRAU,ALT,NEIN,NPD,0.0
78,EHER GEBILDET,EHER HOCH,NEUE BUNDESLAENDER,FRAU,ALT,NEIN,SPD,0.0
79,EHER GEBILDET,EHER HOCH,NEUE BUNDESLAENDER,FRAU,ALT,NEIN,WUERDE NICHT WAEHLEN,0.0
80,EHER GEBILDET,EHER HOCH,NEUE BUNDESLAENDER,FRAU,JUNG,JA,AFD,0.0
81,EHER GEBILDET,EHER HOCH,NEUE BUNDESLAENDER,FRAU,JUNG,JA,CDU-CSU,0.000888494002665
82,EHER GEBILDET,EHER HOCH,NEUE BUNDESLAENDER,FRAU,JUNG,JA,DIE GRUENEN,0.0
83,EHER GEBILDET,EHER HOCH,NEUE BUNDESLAENDER,FRAU,JUNG,JA,DIE LINKE,0.0
84,EHER GEBILDET,EHER HOCH,NEUE BUNDESLAENDER,FRAU,JUNG,JA,FDP,0.0
85,EHER GEBILDET,EHER HOCH,NEUE BUNDESLAENDER,FRAU,JUNG,JA,NPD,0.0
86,EHER GEBILDET,EHER HOCH,NEUE BUNDESLAENDER,FRAU,JUNG,JA,SPD,0.0
87,EHER GEBILDET,EHER HOCH,NEUE BUNDESLAENDER,FRAU,JUNG,JA,WUERDE NICHT WAEHLEN,0.0
88,EHER GEBILDET,EHER HOCH,NEUE BUNDESLAENDER,FRAU,JUNG,NEIN,AFD,0.0
89,EHER GEBILDET,EHER HOCH,NEUE BUNDESLAENDER,FRAU,JUNG,NEIN,CDU-CSU,0.0
90,EHER GEBILDET,EHER HOCH,NEUE BUNDESLAENDER,FRAU,JUNG,NEIN,DIE GRUENEN,0.0
91,EHER GEBILDET,EHER HOCH,NEUE BUNDESLAENDER,FRAU,JUNG,NEIN,DIE LINKE,0.0
92,EHER GEBILDET,EHER HOCH,NEUE BUNDESLAENDER,FRAU,JUNG,NEIN,FDP,0.0
93,EHER GEBILDET,EHER HOCH,NEUE BUNDESLAENDER,FRAU,JUNG,NEIN,NPD,0.0
94,EHER GEBILDET,EHER HOCH,NEUE BUNDESLAENDER,FRAU,JUNG,NEIN,SPD,0.0
95,EHER GEBILDET,EHER HOCH,NEUE BUNDESLAENDER,FRAU,JUNG,NEIN,WUERDE NICHT WAEHLEN,0.0
96,EHER GEBILDET,EHER HOCH,NEUE BUNDESLAENDER,MANN,ALT,JA,AFD,0.00355397601066
97,EHER GEBILDET,EHER HOCH,NEUE BUNDESLAENDER,MANN,ALT,JA,CDU-CSU,0.00399822301199
98,EHER GEBILDET,EHER HOCH,NEUE BUNDESLAENDER,MANN,ALT,JA,DIE GRUENEN,0.000888494002665
99,EHER GEBILDET,EHER HOCH,NEUE BUNDESLAENDER,MANN,ALT,JA,DIE LINKE,0.00177698800533
100,EHER GEBILDET,EHER HOCH,NEUE BUNDESLAENDER,MANN,ALT,JA,FDP,0.000888494002665
101,EHER GEBILDET,EHER HOCH,NEUE BUNDESLAENDER,MANN,ALT,JA,NPD,0.0
102,EHER GEBILDET,EHER HOCH,NEUE BUNDESLAENDER,MANN,ALT,JA,SPD,0.00310972900933
103,EHER GEBILDET,EHER HOCH,NEUE BUNDESLAENDER,MANN,ALT,JA,WUERDE NICHT WAEHLEN,0.00222123500666
104,EHER GEBILDET,EHER HOCH,NEUE BUNDESLAENDER,MANN,ALT,NEIN,AFD,0.0
105,EHER GEBILDET,EHER HOCH,NEUE BUNDESLAENDER,MANN,ALT,NEIN,CDU-CSU,0.000444247001333
106,EHER GEBILDET,EHER HOCH,NEUE BUNDESLAENDER,MANN,ALT,NEIN,DIE GRUENEN,0.0
107,EHER GEBILDET,EHER HOCH,NEUE BUNDESLAENDER,MANN,ALT,NEIN,DIE LINKE,0.0
108,EHER GEBILDET,EHER HOCH,NEUE BUNDESLAENDER,MANN,ALT,NEIN,FDP,0.0
109,EHER GEBILDET,EHER HOCH,NEUE BUNDESLAENDER,MANN,ALT,NEIN,NPD,0.0
110,EHER GEBILDET,EHER HOCH,NEUE BUNDESLAENDER,MANN,ALT,NEIN,SPD,0.000444247001333
111,EHER GEBILDET,EHER HOCH,NEUE BUNDESLAENDER,MANN,ALT,NEIN,WUERDE NICHT WAEHLEN,0.0
112,EHER GEBILDET,EHER HOCH,NEUE BUNDESLAENDER,MANN,JUNG,JA,AFD,0.000444247001333
113,EHER GEBILDET,EHER HOCH,NEUE BUNDESLAENDER,MANN,JUNG,JA,CDU-CSU,0.00355397601066
114,EHER GEBILDET,EHER HOCH,NEUE BUNDESLAENDER,MANN,JUNG,JA,DIE GRUENEN,0.000444247001333
115,EHER GEBILDET,EHER HOCH,NEUE BUNDESLAENDER,MANN,JUNG,JA,DIE LINKE,0.000444247001333
116,EHER GEBILDET,EHER HOCH,NEUE BUNDESLAENDER,MANN,JUNG,JA,FDP,0.0
117,EHER GEBILDET,EHER HOCH,NEUE BUNDESLAENDER,MANN,JUNG,JA,NPD,0.0
118,EHER GEBILDET,EHER HOCH,NEUE BUNDESLAENDER,MANN,JUNG,JA,SPD,0.000444247001333
119,EHER GEBILDET,EHER HOCH,NEUE BUNDESLAENDER,MANN,JUNG,JA,WUERDE NICHT WAEHLEN,0.0
120,EHER GEBILDET,EHER HOCH,NEUE BUNDESLAENDER,MANN,JUNG,NEIN,AFD,0.0
121,EHER GEBILDET,EHER HOCH,NEUE BUNDESLAENDER,MANN,JUNG,NEIN,CDU-CSU,0.0
122,EHER GEBILDET,EHER HOCH,NEUE BUNDESLAENDER,MANN,JUNG,NEIN,DIE GRUENEN,0.000444247001333
123,EHER GEBILDET,EHER HOCH,NEUE BUNDESLAENDER,MANN,JUNG,NEIN,DIE LINKE,0.0
124,EHER GEBILDET,EHER HOCH,NEUE BUNDESLAENDER,MANN,JUNG,NEIN,FDP,0.000444247001333
125,EHER GEBILDET,EHER HOCH,NEUE BUNDESLAENDER,MANN,JUNG,NEIN,NPD,0.0
126,EHER GEBILDET,EHER HOCH,NEUE BUNDESLAENDER,MANN,JUNG,NEIN,SPD,0.0
127,EHER GEBILDET,EHER HOCH,NEUE BUNDESLAENDER,MANN,JUNG,NEIN,WUERDE NICHT WAEHLEN,0.000444247001333
128,EHER GEBILDET,EHER NIEDRIG,ALTE BUNDESLAENDER,FRAU,ALT,JA,AFD,0.00310972900933
129,EHER GEBILDET,EHER NIEDRIG,ALTE BUNDESLAENDER,FRAU,ALT,JA,CDU-CSU,0.0257663260773
130,EHER GEBILDET,EHER NIEDRIG,ALTE BUNDESLAENDER,FRAU,ALT,JA,DIE GRUENEN,0.0284318080853
131,EHER GEBILDET,EHER NIEDRIG,ALTE BUNDESLAENDER,FRAU,ALT,JA,DIE LINKE,0.00488671701466
132,EHER GEBILDET,EHER NIEDRIG,ALTE BUNDESLAENDER,FRAU,ALT,JA,FDP,0.00888494002665
133,EHER GEBILDET,EHER NIEDRIG,ALTE BUNDESLAENDER,FRAU,ALT,JA,NPD,0.000444247001333
134,EHER GEBILDET,EHER NIEDRIG,ALTE BUNDESLAENDER,FRAU,ALT,JA,SPD,0.0191026210573
135,EHER GEBILDET,EHER NIEDRIG,ALTE BUNDESLAENDER,FRAU,ALT,JA,WUERDE NICHT WAEHLEN,0.00621945801866
136,EHER GEBILDET,EHER NIEDRIG,ALTE BUNDESLAENDER,FRAU,ALT,NEIN,AFD,0.0
137,EHER GEBILDET,EHER NIEDRIG,ALTE BUNDESLAENDER,FRAU,ALT,NEIN,CDU-CSU,0.00310972900933
138,EHER GEBILDET,EHER NIEDRIG,ALTE BUNDESLAENDER,FRAU,ALT,NEIN,DIE GRUENEN,0.002665482008
139,EHER GEBILDET,EHER NIEDRIG,ALTE BUNDESLAENDER,FRAU,ALT,NEIN,DIE LINKE,0.0
140,EHER GEBILDET,EHER NIEDRIG,ALTE BUNDESLAENDER,FRAU,ALT,NEIN,FDP,0.000444247001333
141,EHER GEBILDET,EHER NIEDRIG,ALTE BUNDESLAENDER,FRAU,ALT,NEIN,NPD,0.0
142,EHER GEBILDET,EHER NIEDRIG,ALTE BUNDESLAENDER,FRAU,ALT,NEIN,SPD,0.00399822301199
143,EHER GEBILDET,EHER NIEDRIG,ALTE BUNDESLAENDER,FRAU,ALT,NEIN,WUERDE NICHT WAEHLEN,0.00177698800533
144,EHER GEBILDET,EHER NIEDRIG,ALTE BUNDESLAENDER,FRAU,JUNG,JA,AFD,0.00399822301199
145,EHER GEBILDET,EHER NIEDRIG,ALTE BUNDESLAENDER,FRAU,JUNG,JA,CDU-CSU,0.022656597068
146,EHER GEBILDET,EHER NIEDRIG,ALTE BUNDESLAENDER,FRAU,JUNG,JA,DIE GRUENEN,0.0208796090626
147,EHER GEBILDET,EHER NIEDRIG,ALTE BUNDESLAENDER,FRAU,JUNG,JA,DIE LINKE,0.00621945801866
148,EHER GEBILDET,EHER NIEDRIG,ALTE BUNDESLAENDER,FRAU,JUNG,JA,FDP,0.00355397601066
149,EHER GEBILDET,EHER NIEDRIG,ALTE BUNDESLAENDER,FRAU,JUNG,JA,NPD,0.000888494002665
150,EHER GEBILDET,EHER NIEDRIG,ALTE BUNDESLAENDER,FRAU,JUNG,JA,SPD,0.0151043980453
151,EHER GEBILDET,EHER NIEDRIG,ALTE BUNDESLAENDER,FRAU,JUNG,JA,WUERDE NICHT WAEHLEN,0.00222123500666
152,EHER GEBILDET,EHER NIEDRIG,ALTE BUNDESLAENDER,FRAU,JUNG,NEIN,AFD,0.000444247001333
153,EHER GEBILDET,EHER NIEDRIG,ALTE BUNDESLAENDER,FRAU,JUNG,NEIN,CDU-CSU,0.00844069302532
154,EHER GEBILDET,EHER NIEDRIG,ALTE BUNDESLAENDER,FRAU,JUNG,NEIN,DIE GRUENEN,0.00444247001333
155,EHER GEBILDET,EHER NIEDRIG,ALTE BUNDESLAENDER,FRAU,JUNG,NEIN,DIE LINKE,0.000888494002665
156,EHER GEBILDET,EHER NIEDRIG,ALTE BUNDESLAENDER,FRAU,JUNG,NEIN,FDP,0.00177698800533
157,EHER GEBILDET,EHER NIEDRIG,ALTE BUNDESLAENDER,FRAU,JUNG,NEIN,NPD,0.0
158,EHER GEBILDET,EHER NIEDRIG,ALTE BUNDESLAENDER,FRAU,JUNG,NEIN,SPD,0.010661928032
159,EHER GEBILDET,EHER NIEDRIG,ALTE BUNDESLAENDER,FRAU,JUNG,NEIN,WUERDE NICHT WAEHLEN,0.00444247001333
160,EHER GEBILDET,EHER NIEDRIG,ALTE BUNDESLAENDER,MANN,ALT,JA,AFD,0.00621945801866
161,EHER GEBILDET,EHER NIEDRIG,ALTE BUNDESLAENDER,MANN,ALT,JA,CDU-CSU,0.0151043980453
162,EHER GEBILDET,EHER NIEDRIG,ALTE BUNDESLAENDER,MANN,ALT,JA,DIE GRUENEN,0.00844069302532
163,EHER GEBILDET,EHER NIEDRIG,ALTE BUNDESLAENDER,MANN,ALT,JA,DIE LINKE,0.00710795202132
164,EHER GEBILDET,EHER NIEDRIG,ALTE BUNDESLAENDER,MANN,ALT,JA,FDP,0.002665482008
165,EHER GEBILDET,EHER NIEDRIG,ALTE BUNDESLAENDER,MANN,ALT,JA,NPD,0.0
166,EHER GEBILDET,EHER NIEDRIG,ALTE BUNDESLAENDER,MANN,ALT,JA,SPD,0.00932918702799
167,EHER GEBILDET,EHER NIEDRIG,ALTE BUNDESLAENDER,MANN,ALT,JA,WUERDE NICHT WAEHLEN,0.00222123500666
168,EHER GEBILDET,EHER NIEDRIG,ALTE BUNDESLAENDER,MANN,ALT,NEIN,AFD,0.000444247001333
169,EHER GEBILDET,EHER NIEDRIG,ALTE BUNDESLAENDER,MANN,ALT,NEIN,CDU-CSU,0.001332741004
170,EHER GEBILDET,EHER NIEDRIG,ALTE BUNDESLAENDER,MANN,ALT,NEIN,DIE GRUENEN,0.000888494002665
171,EHER GEBILDET,EHER NIEDRIG,ALTE BUNDESLAENDER,MANN,ALT,NEIN,DIE LINKE,0.0
172,EHER GEBILDET,EHER NIEDRIG,ALTE BUNDESLAENDER,MANN,ALT,NEIN,FDP,0.000888494002665
173,EHER GEBILDET,EHER NIEDRIG,ALTE BUNDESLAENDER,MANN,ALT,NEIN,NPD,0.0
174,EHER GEBILDET,EHER NIEDRIG,ALTE BUNDESLAENDER,MANN,ALT,NEIN,SPD,0.001332741004
175,EHER GEBILDET,EHER NIEDRIG,ALTE BUNDESLAENDER,MANN,ALT,NEIN,WUERDE NICHT WAEHLEN,0.000444247001333
176,EHER GEBILDET,EHER NIEDRIG,ALTE BUNDESLAENDER,MANN,JUNG,JA,AFD,0.00621945801866
177,EHER GEBILDET,EHER NIEDRIG,ALTE BUNDESLAENDER,MANN,JUNG,JA,CDU-CSU,0.0155486450466
178,EHER GEBILDET,EHER NIEDRIG,ALTE BUNDESLAENDER,MANN,JUNG,JA,DIE GRUENEN,0.011994669036
179,EHER GEBILDET,EHER NIEDRIG,ALTE BUNDESLAENDER,MANN,JUNG,JA,DIE LINKE,0.00710795202132
180,EHER GEBILDET,EHER NIEDRIG,ALTE BUNDESLAENDER,MANN,JUNG,JA,FDP,0.00577521101733
181,EHER GEBILDET,EHER NIEDRIG,ALTE BUNDESLAENDER,MANN,JUNG,JA,NPD,0.0
182,EHER GEBILDET,EHER NIEDRIG,ALTE BUNDESLAENDER,MANN,JUNG,JA,SPD,0.0124389160373
183,EHER GEBILDET,EHER NIEDRIG,ALTE BUNDESLAENDER,MANN,JUNG,JA,WUERDE NICHT WAEHLEN,0.00310972900933
184,EHER GEBILDET,EHER NIEDRIG,ALTE BUNDESLAENDER,MANN,JUNG,NEIN,AFD,0.0
185,EHER GEBILDET,EHER NIEDRIG,ALTE BUNDESLAENDER,MANN,JUNG,NEIN,CDU-CSU,0.00177698800533
186,EHER GEBILDET,EHER NIEDRIG,ALTE BUNDESLAENDER,MANN,JUNG,NEIN,DIE GRUENEN,0.000888494002665
187,EHER GEBILDET,EHER NIEDRIG,ALTE BUNDESLAENDER,MANN,JUNG,NEIN,DIE LINKE,0.000444247001333
188,EHER GEBILDET,EHER NIEDRIG,ALTE BUNDESLAENDER,MANN,JUNG,NEIN,FDP,0.000888494002665
189,EHER GEBILDET,EHER NIEDRIG,ALTE BUNDESLAENDER,MANN,JUNG,NEIN,NPD,0.0
190,EHER GEBILDET,EHER NIEDRIG,ALTE BUNDESLAENDER,MANN,JUNG,NEIN,SPD,0.00177698800533
191,EHER GEBILDET,EHER NIEDRIG,ALTE BUNDESLAENDER,MANN,JUNG,NEIN,WUERDE NICHT WAEHLEN,0.00177698800533
192,EHER GEBILDET,EHER NIEDRIG,NEUE BUNDESLAENDER,FRAU,ALT,JA,AFD,0.00621945801866
193,EHER GEBILDET,EHER NIEDRIG,NEUE BUNDESLAENDER,FRAU,ALT,JA,CDU-CSU,0.017325633052
194,EHER GEBILDET,EHER NIEDRIG,NEUE BUNDESLAENDER,FRAU,ALT,JA,DIE GRUENEN,0.00755219902266
195,EHER GEBILDET,EHER NIEDRIG,NEUE BUNDESLAENDER,FRAU,ALT,JA,DIE LINKE,0.011994669036
196,EHER GEBILDET,EHER NIEDRIG,NEUE BUNDESLAENDER,FRAU,ALT,JA,FDP,0.00355397601066
197,EHER GEBILDET,EHER NIEDRIG,NEUE BUNDESLAENDER,FRAU,ALT,JA,NPD,0.000888494002665
198,EHER GEBILDET,EHER NIEDRIG,NEUE BUNDESLAENDER,FRAU,ALT,JA,SPD,0.0142159040426
199,EHER GEBILDET,EHER NIEDRIG,NEUE BUNDESLAENDER,FRAU,ALT,JA,WUERDE NICHT WAEHLEN,0.00310972900933
200,EHER GEBILDET,EHER NIEDRIG,NEUE BUNDESLAENDER,FRAU,ALT,NEIN,AFD,0.00177698800533
201,EHER GEBILDET,EHER NIEDRIG,NEUE BUNDESLAENDER,FRAU,ALT,NEIN,CDU-CSU,0.00355397601066
202,EHER GEBILDET,EHER NIEDRIG,NEUE BUNDESLAENDER,FRAU,ALT,NEIN,DIE GRUENEN,0.000888494002665
203,EHER GEBILDET,EHER NIEDRIG,NEUE BUNDESLAENDER,FRAU,ALT,NEIN,DIE LINKE,0.002665482008
204,EHER GEBILDET,EHER NIEDRIG,NEUE BUNDESLAENDER,FRAU,ALT,NEIN,FDP,0.000444247001333
205,EHER GEBILDET,EHER NIEDRIG,NEUE BUNDESLAENDER,FRAU,ALT,NEIN,NPD,0.0
206,EHER GEBILDET,EHER NIEDRIG,NEUE BUNDESLAENDER,FRAU,ALT,NEIN,SPD,0.001332741004
207,EHER GEBILDET,EHER NIEDRIG,NEUE BUNDESLAENDER,FRAU,ALT,NEIN,WUERDE NICHT WAEHLEN,0.00533096401599
208,EHER GEBILDET,EHER NIEDRIG,NEUE BUNDESLAENDER,FRAU,JUNG,JA,AFD,0.00488671701466
209,EHER GEBILDET,EHER NIEDRIG,NEUE BUNDESLAENDER,FRAU,JUNG,JA,CDU-CSU,0.00710795202132
210,EHER GEBILDET,EHER NIEDRIG,NEUE BUNDESLAENDER,FRAU,JUNG,JA,DIE GRUENEN,0.00844069302532
211,EHER GEBILDET,EHER NIEDRIG,NEUE BUNDESLAENDER,FRAU,JUNG,JA,DIE LINKE,0.00444247001333
212,EHER GEBILDET,EHER NIEDRIG,NEUE BUNDESLAENDER,FRAU,JUNG,JA,FDP,0.000888494002665
213,EHER GEBILDET,EHER NIEDRIG,NEUE BUNDESLAENDER,FRAU,JUNG,JA,NPD,0.000888494002665
214,EHER GEBILDET,EHER NIEDRIG,NEUE BUNDESLAENDER,FRAU,JUNG,JA,SPD,0.00310972900933
215,EHER GEBILDET,EHER NIEDRIG,NEUE BUNDESLAENDER,FRAU,JUNG,JA,WUERDE NICHT WAEHLEN,0.00177698800533
216,EHER GEBILDET,EHER NIEDRIG,NEUE BUNDESLAENDER,FRAU,JUNG,NEIN,AFD,0.000888494002665
217,EHER GEBILDET,EHER NIEDRIG,NEUE BUNDESLAENDER,FRAU,JUNG,NEIN,CDU-CSU,0.002665482008
218,EHER GEBILDET,EHER NIEDRIG,NEUE BUNDESLAENDER,FRAU,JUNG,NEIN,DIE GRUENEN,0.001332741004
219,EHER GEBILDET,EHER NIEDRIG,NEUE BUNDESLAENDER,FRAU,JUNG,NEIN,DIE LINKE,0.00222123500666
220,EHER GEBILDET,EHER NIEDRIG,NEUE BUNDESLAENDER,FRAU,JUNG,NEIN,FDP,0.0
221,EHER GEBILDET,EHER NIEDRIG,NEUE BUNDESLAENDER,FRAU,JUNG,NEIN,NPD,0.000888494002665
222,EHER GEBILDET,EHER NIEDRIG,NEUE BUNDESLAENDER,FRAU,JUNG,NEIN,SPD,0.00177698800533
223,EHER GEBILDET,EHER NIEDRIG,NEUE BUNDESLAENDER,FRAU,JUNG,NEIN,WUERDE NICHT WAEHLEN,0.002665482008
224,EHER GEBILDET,EHER NIEDRIG,NEUE BUNDESLAENDER,MANN,ALT,JA,AFD,0.0128831630386
225,EHER GEBILDET,EHER NIEDRIG,NEUE BUNDESLAENDER,MANN,ALT,JA,CDU-CSU,0.014660151044
226,EHER GEBILDET,EHER NIEDRIG,NEUE BUNDESLAENDER,MANN,ALT,JA,DIE GRUENEN,0.00577521101733
227,EHER GEBILDET,EHER NIEDRIG,NEUE BUNDESLAENDER,MANN,ALT,JA,DIE LINKE,0.0124389160373
228,EHER GEBILDET,EHER NIEDRIG,NEUE BUNDESLAENDER,MANN,ALT,JA,FDP,0.00488671701466
229,EHER GEBILDET,EHER NIEDRIG,NEUE BUNDESLAENDER,MANN,ALT,JA,NPD,0.0
230,EHER GEBILDET,EHER NIEDRIG,NEUE BUNDESLAENDER,MANN,ALT,JA,SPD,0.014660151044
231,EHER GEBILDET,EHER NIEDRIG,NEUE BUNDESLAENDER,MANN,ALT,JA,WUERDE NICHT WAEHLEN,0.00488671701466
232,EHER GEBILDET,EHER NIEDRIG,NEUE BUNDESLAENDER,MANN,ALT,NEIN,AFD,0.00177698800533
233,EHER GEBILDET,EHER NIEDRIG,NEUE BUNDESLAENDER,MANN,ALT,NEIN,CDU-CSU,0.0
234,EHER GEBILDET,EHER NIEDRIG,NEUE BUNDESLAENDER,MANN,ALT,NEIN,DIE GRUENEN,0.000444247001333
235,EHER GEBILDET,EHER NIEDRIG,NEUE BUNDESLAENDER,MANN,ALT,NEIN,DIE LINKE,0.001332741004
236,EHER GEBILDET,EHER NIEDRIG,NEUE BUNDESLAENDER,MANN,ALT,NEIN,FDP,0.0
237,EHER GEBILDET,EHER NIEDRIG,NEUE BUNDESLAENDER,MANN,ALT,NEIN,NPD,0.0
238,EHER GEBILDET,EHER NIEDRIG,NEUE BUNDESLAENDER,MANN,ALT,NEIN,SPD,0.002665482008
239,EHER GEBILDET,EHER NIEDRIG,NEUE BUNDESLAENDER,MANN,ALT,NEIN,WUERDE NICHT WAEHLEN,0.00444247001333
240,EHER GEBILDET,EHER NIEDRIG,NEUE BUNDESLAENDER,MANN,JUNG,JA,AFD,0.00666370501999
241,EHER GEBILDET,EHER NIEDRIG,NEUE BUNDESLAENDER,MANN,JUNG,JA,CDU-CSU,0.00444247001333
242,EHER GEBILDET,EHER NIEDRIG,NEUE BUNDESLAENDER,MANN,JUNG,JA,DIE GRUENEN,0.00355397601066
243,EHER GEBILDET,EHER NIEDRIG,NEUE BUNDESLAENDER,MANN,JUNG,JA,DIE LINKE,0.00666370501999
244,EHER GEBILDET,EHER NIEDRIG,NEUE BUNDESLAENDER,MANN,JUNG,JA,FDP,0.001332741004
245,EHER GEBILDET,EHER NIEDRIG,NEUE BUNDESLAENDER,MANN,JUNG,JA,NPD,0.0
246,EHER GEBILDET,EHER NIEDRIG,NEUE BUNDESLAENDER,MANN,JUNG,JA,SPD,0.00355397601066
247,EHER GEBILDET,EHER NIEDRIG,NEUE BUNDESLAENDER,MANN,JUNG,JA,WUERDE NICHT WAEHLEN,0.00177698800533
248,EHER GEBILDET,EHER NIEDRIG,NEUE BUNDESLAENDER,MANN,JUNG,NEIN,AFD,0.00177698800533
249,EHER GEBILDET,EHER NIEDRIG,NEUE BUNDESLAENDER,MANN,JUNG,NEIN,CDU-CSU,0.00177698800533
250,EHER GEBILDET,EHER NIEDRIG,NEUE BUNDESLAENDER,MANN,JUNG,NEIN,DIE GRUENEN,0.0
251,EHER GEBILDET,EHER NIEDRIG,NEUE BUNDESLAENDER,MANN,JUNG,NEIN,DIE LINKE,0.000444247001333
252,EHER GEBILDET,EHER NIEDRIG,NEUE BUNDESLAENDER,MANN,JUNG,NEIN,FDP,0.001332741004
253,EHER GEBILDET,EHER NIEDRIG,NEUE BUNDESLAENDER,MANN,JUNG,NEIN,NPD,0.0
254,EHER GEBILDET,EHER NIEDRIG,NEUE BUNDESLAENDER,MANN,JUNG,NEIN,SPD,0.000888494002665
255,EHER GEBILDET,EHER NIEDRIG,NEUE BUNDESLAENDER,MANN,JUNG,NEIN,WUERDE NICHT WAEHLEN,0.00222123500666
256,EHER UNGEBILDET,EHER HOCH,ALTE BUNDESLAENDER,FRAU,ALT,JA,AFD,0.000888494002665
257,EHER UNGEBILDET,EHER HOCH,ALTE BUNDESLAENDER,FRAU,ALT,JA,CDU-CSU,0.0
258,EHER UNGEBILDET,EHER HOCH,ALTE BUNDESLAENDER,FRAU,ALT,JA,DIE GRUENEN,0.0
259,EHER UNGEBILDET,EHER HOCH,ALTE BUNDESLAENDER,FRAU,ALT,JA,DIE LINKE,0.0
260,EHER UNGEBILDET,EHER HOCH,ALTE BUNDESLAENDER,FRAU,ALT,JA,FDP,0.000444247001333
261,EHER UNGEBILDET,EHER HOCH,ALTE BUNDESLAENDER,FRAU,ALT,JA,NPD,0.0
262,EHER UNGEBILDET,EHER HOCH,ALTE BUNDESLAENDER,FRAU,ALT,JA,SPD,0.000444247001333
263,EHER UNGEBILDET,EHER HOCH,ALTE BUNDESLAENDER,FRAU,ALT,JA,WUERDE NICHT WAEHLEN,0.000444247001333
264,EHER UNGEBILDET,EHER HOCH,ALTE BUNDESLAENDER,FRAU,ALT,NEIN,AFD,0.0
265,EHER UNGEBILDET,EHER HOCH,ALTE BUNDESLAENDER,FRAU,ALT,NEIN,CDU-CSU,0.0
266,EHER UNGEBILDET,EHER HOCH,ALTE BUNDESLAENDER,FRAU,ALT,NEIN,DIE GRUENEN,0.0
267,EHER UNGEBILDET,EHER HOCH,ALTE BUNDESLAENDER,FRAU,ALT,NEIN,DIE LINKE,0.0
268,EHER UNGEBILDET,EHER HOCH,ALTE BUNDESLAENDER,FRAU,ALT,NEIN,FDP,0.0
269,EHER UNGEBILDET,EHER HOCH,ALTE BUNDESLAENDER,FRAU,ALT,NEIN,NPD,0.0
270,EHER UNGEBILDET,EHER HOCH,ALTE BUNDESLAENDER,FRAU,ALT,NEIN,SPD,0.0
271,EHER UNGEBILDET,EHER HOCH,ALTE BUNDESLAENDER,FRAU,ALT,NEIN,WUERDE NICHT WAEHLEN,0.0
272,EHER UNGEBILDET,EHER HOCH,ALTE BUNDESLAENDER,FRAU,JUNG,JA,AFD,0.0
273,EHER UNGEBILDET,EHER HOCH,ALTE BUNDESLAENDER,FRAU,JUNG,JA,CDU-CSU,0.0
274,EHER UNGEBILDET,EHER HOCH,ALTE BUNDESLAENDER,FRAU,JUNG,JA,DIE GRUENEN,0.0
275,EHER UNGEBILDET,EHER HOCH,ALTE BUNDESLAENDER,FRAU,JUNG,JA,DIE LINKE,0.0
276,EHER UNGEBILDET,EHER HOCH,ALTE BUNDESLAENDER,FRAU,JUNG,JA,FDP,0.0
277,EHER UNGEBILDET,EHER HOCH,ALTE BUNDESLAENDER,FRAU,JUNG,JA,NPD,0.0
278,EHER UNGEBILDET,EHER HOCH,ALTE BUNDESLAENDER,FRAU,JUNG,JA,SPD,0.0
279,EHER UNGEBILDET,EHER HOCH,ALTE BUNDESLAENDER,FRAU,JUNG,JA,WUERDE NICHT WAEHLEN,0.0
280,EHER UNGEBILDET,EHER HOCH,ALTE BUNDESLAENDER,FRAU,JUNG,NEIN,AFD,0.0
281,EHER UNGEBILDET,EHER HOCH,ALTE BUNDESLAENDER,FRAU,JUNG,NEIN,CDU-CSU,0.0
282,EHER UNGEBILDET,EHER HOCH,ALTE BUNDESLAENDER,FRAU,JUNG,NEIN,DIE GRUENEN,0.0
283,EHER UNGEBILDET,EHER HOCH,ALTE BUNDESLAENDER,FRAU,JUNG,NEIN,DIE LINKE,0.0
284,EHER UNGEBILDET,EHER HOCH,ALTE BUNDESLAENDER,FRAU,JUNG,NEIN,FDP,0.0
285,EHER UNGEBILDET,EHER HOCH,ALTE BUNDESLAENDER,FRAU,JUNG,NEIN,NPD,0.0
286,EHER UNGEBILDET,EHER HOCH,ALTE BUNDESLAENDER,FRAU,JUNG,NEIN,SPD,0.0
287,EHER UNGEBILDET,EHER HOCH,ALTE BUNDESLAENDER,FRAU,JUNG,NEIN,WUERDE NICHT WAEHLEN,0.0
288,EHER UNGEBILDET,EHER HOCH,ALTE BUNDESLAENDER,MANN,ALT,JA,AFD,0.00222123500666
289,EHER UNGEBILDET,EHER HOCH,ALTE BUNDESLAENDER,MANN,ALT,JA,CDU-CSU,0.00488671701466
290,EHER UNGEBILDET,EHER HOCH,ALTE BUNDESLAENDER,MANN,ALT,JA,DIE GRUENEN,0.000888494002665
291,EHER UNGEBILDET,EHER HOCH,ALTE BUNDESLAENDER,MANN,ALT,JA,DIE LINKE,0.0
292,EHER UNGEBILDET,EHER HOCH,ALTE BUNDESLAENDER,MANN,ALT,JA,FDP,0.0
293,EHER UNGEBILDET,EHER HOCH,ALTE BUNDESLAENDER,MANN,ALT,JA,NPD,0.0
294,EHER UNGEBILDET,EHER HOCH,ALTE BUNDESLAENDER,MANN,ALT,JA,SPD,0.00399822301199
295,EHER UNGEBILDET,EHER HOCH,ALTE BUNDESLAENDER,MANN,ALT,JA,WUERDE NICHT WAEHLEN,0.000888494002665
296,EHER UNGEBILDET,EHER HOCH,ALTE BUNDESLAENDER,MANN,ALT,NEIN,AFD,0.0
297,EHER UNGEBILDET,EHER HOCH,ALTE BUNDESLAENDER,MANN,ALT,NEIN,CDU-CSU,0.0
298,EHER UNGEBILDET,EHER HOCH,ALTE BUNDESLAENDER,MANN,ALT,NEIN,DIE GRUENEN,0.0
299,EHER UNGEBILDET,EHER HOCH,ALTE BUNDESLAENDER,MANN,ALT,NEIN,DIE LINKE,0.0
300,EHER UNGEBILDET,EHER HOCH,ALTE BUNDESLAENDER,MANN,ALT,NEIN,FDP,0.0
301,EHER UNGEBILDET,EHER HOCH,ALTE BUNDESLAENDER,MANN,ALT,NEIN,NPD,0.0
302,EHER UNGEBILDET,EHER HOCH,ALTE BUNDESLAENDER,MANN,ALT,NEIN,SPD,0.000444247001333
303,EHER UNGEBILDET,EHER HOCH,ALTE BUNDESLAENDER,MANN,ALT,NEIN,WUERDE NICHT WAEHLEN,0.0
304,EHER UNGEBILDET,EHER HOCH,ALTE BUNDESLAENDER,MANN,JUNG,JA,AFD,0.000444247001333
305,EHER UNGEBILDET,EHER HOCH,ALTE BUNDESLAENDER,MANN,JUNG,JA,CDU-CSU,0.000444247001333
306,EHER UNGEBILDET,EHER HOCH,ALTE BUNDESLAENDER,MANN,JUNG,JA,DIE GRUENEN,0.000444247001333
307,EHER UNGEBILDET,EHER HOCH,ALTE BUNDESLAENDER,MANN,JUNG,JA,DIE LINKE,0.0
308,EHER UNGEBILDET,EHER HOCH,ALTE BUNDESLAENDER,MANN,JUNG,JA,FDP,0.0
309,EHER UNGEBILDET,EHER HOCH,ALTE BUNDESLAENDER,MANN,JUNG,JA,NPD,0.0
310,EHER UNGEBILDET,EHER HOCH,ALTE BUNDESLAENDER,MANN,JUNG,JA,SPD,0.0
311,EHER UNGEBILDET,EHER HOCH,ALTE BUNDESLAENDER,MANN,JUNG,JA,WUERDE NICHT WAEHLEN,0.0
312,EHER UNGEBILDET,EHER HOCH,ALTE BUNDESLAENDER,MANN,JUNG,NEIN,AFD,0.0
313,EHER UNGEBILDET,EHER HOCH,ALTE BUNDESLAENDER,MANN,JUNG,NEIN,CDU-CSU,0.0
314,EHER UNGEBILDET,EHER HOCH,ALTE BUNDESLAENDER,MANN,JUNG,NEIN,DIE GRUENEN,0.0
315,EHER UNGEBILDET,EHER HOCH,ALTE BUNDESLAENDER,MANN,JUNG,NEIN,DIE LINKE,0.0
316,EHER UNGEBILDET,EHER HOCH,ALTE BUNDESLAENDER,MANN,JUNG,NEIN,FDP,0.0
317,EHER UNGEBILDET,EHER HOCH,ALTE BUNDESLAENDER,MANN,JUNG,NEIN,NPD,0.0
318,EHER UNGEBILDET,EHER HOCH,ALTE BUNDESLAENDER,MANN,JUNG,NEIN,SPD,0.0
319,EHER UNGEBILDET,EHER HOCH,ALTE BUNDESLAENDER,MANN,JUNG,NEIN,WUERDE NICHT WAEHLEN,0.0
320,EHER UNGEBILDET,EHER HOCH,NEUE BUNDESLAENDER,FRAU,ALT,JA,AFD,0.0
321,EHER UNGEBILDET,EHER HOCH,NEUE BUNDESLAENDER,FRAU,ALT,JA,CDU-CSU,0.0
322,EHER UNGEBILDET,EHER HOCH,NEUE BUNDESLAENDER,FRAU,ALT,JA,DIE GRUENEN,0.0
323,EHER UNGEBILDET,EHER HOCH,NEUE BUNDESLAENDER,FRAU,ALT,JA,DIE LINKE,0.0
324,EHER UNGEBILDET,EHER HOCH,NEUE BUNDESLAENDER,FRAU,ALT,JA,FDP,0.0
325,EHER UNGEBILDET,EHER HOCH,NEUE BUNDESLAENDER,FRAU,ALT,JA,NPD,0.0
326,EHER UNGEBILDET,EHER HOCH,NEUE BUNDESLAENDER,FRAU,ALT,JA,SPD,0.0
327,EHER UNGEBILDET,EHER HOCH,NEUE BUNDESLAENDER,FRAU,ALT,JA,WUERDE NICHT WAEHLEN,0.0
328,EHER UNGEBILDET,EHER HOCH,NEUE BUNDESLAENDER,FRAU,ALT,NEIN,AFD,0.0
329,EHER UNGEBILDET,EHER HOCH,NEUE BUNDESLAENDER,FRAU,ALT,NEIN,CDU-CSU,0.0
330,EHER UNGEBILDET,EHER HOCH,NEUE BUNDESLAENDER,FRAU,ALT,NEIN,DIE GRUENEN,0.0
331,EHER UNGEBILDET,EHER HOCH,NEUE BUNDESLAENDER,FRAU,ALT,NEIN,DIE LINKE,0.0
332,EHER UNGEBILDET,EHER HOCH,NEUE BUNDESLAENDER,FRAU,ALT,NEIN,FDP,0.0
333,EHER UNGEBILDET,EHER HOCH,NEUE BUNDESLAENDER,FRAU,ALT,NEIN,NPD,0.0
334,EHER UNGEBILDET,EHER HOCH,NEUE BUNDESLAENDER,FRAU,ALT,NEIN,SPD,0.0
335,EHER UNGEBILDET,EHER HOCH,NEUE BUNDESLAENDER,FRAU,ALT,NEIN,WUERDE NICHT WAEHLEN,0.0
336,EHER UNGEBILDET,EHER HOCH,NEUE BUNDESLAENDER,FRAU,JUNG,JA,AFD,0.0
337,EHER UNGEBILDET,EHER HOCH,NEUE BUNDESLAENDER,FRAU,JUNG,JA,CDU-CSU,0.0
338,EHER UNGEBILDET,EHER HOCH,NEUE BUNDESLAENDER,FRAU,JUNG,JA,DIE GRUENEN,0.0
339,EHER UNGEBILDET,EHER HOCH,NEUE BUNDESLAENDER,FRAU,JUNG,JA,DIE LINKE,0.0
340,EHER UNGEBILDET,EHER HOCH,NEUE BUNDESLAENDER,FRAU,JUNG,JA,FDP,0.0
341,EHER UNGEBILDET,EHER HOCH,NEUE BUNDESLAENDER,FRAU,JUNG,JA,NPD,0.0
342,EHER UNGEBILDET,EHER HOCH,NEUE BUNDESLAENDER,FRAU,JUNG,JA,SPD,0.0
343,EHER UNGEBILDET,EHER HOCH,NEUE BUNDESLAENDER,FRAU,JUNG,JA,WUERDE NICHT WAEHLEN,0.0
344,EHER UNGEBILDET,EHER HOCH,NEUE BUNDESLAENDER,FRAU,JUNG,NEIN,AFD,0.0
345,EHER UNGEBILDET,EHER HOCH,NEUE BUNDESLAENDER,FRAU,JUNG,NEIN,CDU-CSU,0.0
346,EHER UNGEBILDET,EHER HOCH,NEUE BUNDESLAENDER,FRAU,JUNG,NEIN,DIE GRUENEN,0.0
347,EHER UNGEBILDET,EHER HOCH,NEUE BUNDESLAENDER,FRAU,JUNG,NEIN,DIE LINKE,0.0
348,EHER UNGEBILDET,EHER HOCH,NEUE BUNDESLAENDER,FRAU,JUNG,NEIN,FDP,0.0
349,EHER UNGEBILDET,EHER HOCH,NEUE BUNDESLAENDER,FRAU,JUNG,NEIN,NPD,0.0
350,EHER UNGEBILDET,EHER HOCH,NEUE BUNDESLAENDER,FRAU,JUNG,NEIN,SPD,0.0
351,EHER UNGEBILDET,EHER HOCH,NEUE BUNDESLAENDER,FRAU,JUNG,NEIN,WUERDE NICHT WAEHLEN,0.0
352,EHER UNGEBILDET,EHER HOCH,NEUE BUNDESLAENDER,MANN,ALT,JA,AFD,0.0
353,EHER UNGEBILDET,EHER HOCH,NEUE BUNDESLAENDER,MANN,ALT,JA,CDU-CSU,0.0
354,EHER UNGEBILDET,EHER HOCH,NEUE BUNDESLAENDER,MANN,ALT,JA,DIE GRUENEN,0.0
355,EHER UNGEBILDET,EHER HOCH,NEUE BUNDESLAENDER,MANN,ALT,JA,DIE LINKE,0.0
356,EHER UNGEBILDET,EHER HOCH,NEUE BUNDESLAENDER,MANN,ALT,JA,FDP,0.0
357,EHER UNGEBILDET,EHER HOCH,NEUE BUNDESLAENDER,MANN,ALT,JA,NPD,0.0
358,EHER UNGEBILDET,EHER HOCH,NEUE BUNDESLAENDER,MANN,ALT,JA,SPD,0.0
359,EHER UNGEBILDET,EHER HOCH,NEUE BUNDESLAENDER,MANN,ALT,JA,WUERDE NICHT WAEHLEN,0.0
360,EHER UNGEBILDET,EHER HOCH,NEUE BUNDESLAENDER,MANN,ALT,NEIN,AFD,0.0
361,EHER UNGEBILDET,EHER HOCH,NEUE BUNDESLAENDER,MANN,ALT,NEIN,CDU-CSU,0.0
362,EHER UNGEBILDET,EHER HOCH,NEUE BUNDESLAENDER,MANN,ALT,NEIN,DIE GRUENEN,0.0
363,EHER UNGEBILDET,EHER HOCH,NEUE BUNDESLAENDER,MANN,ALT,NEIN,DIE LINKE,0.0
364,EHER UNGEBILDET,EHER HOCH,NEUE BUNDESLAENDER,MANN,ALT,NEIN,FDP,0.0
365,EHER UNGEBILDET,EHER HOCH,NEUE BUNDESLAENDER,MANN,ALT,NEIN,NPD,0.0
366,EHER UNGEBILDET,EHER HOCH,NEUE BUNDESLAENDER,MANN,ALT,NEIN,SPD,0.0
367,EHER UNGEBILDET,EHER HOCH,NEUE BUNDESLAENDER,MANN,ALT,NEIN,WUERDE NICHT WAEHLEN,0.0
368,EHER UNGEBILDET,EHER HOCH,NEUE BUNDESLAENDER,MANN,JUNG,JA,AFD,0.0
369,EHER UNGEBILDET,EHER HOCH,NEUE BUNDESLAENDER,MANN,JUNG,JA,CDU-CSU,0.0
370,EHER UNGEBILDET,EHER HOCH,NEUE BUNDESLAENDER,MANN,JUNG,JA,DIE GRUENEN,0.0
371,EHER UNGEBILDET,EHER HOCH,NEUE BUNDESLAENDER,MANN,JUNG,JA,DIE LINKE,0.0
372,EHER UNGEBILDET,EHER HOCH,NEUE BUNDESLAENDER,MANN,JUNG,JA,FDP,0.0
373,EHER UNGEBILDET,EHER HOCH,NEUE BUNDESLAENDER,MANN,JUNG,JA,NPD,0.0
374,EHER UNGEBILDET,EHER HOCH,NEUE BUNDESLAENDER,MANN,JUNG,JA,SPD,0.0
375,EHER UNGEBILDET,EHER HOCH,NEUE BUNDESLAENDER,MANN,JUNG,JA,WUERDE NICHT WAEHLEN,0.0
376,EHER UNGEBILDET,EHER HOCH,NEUE BUNDESLAENDER,MANN,JUNG,NEIN,AFD,0.0
377,EHER UNGEBILDET,EHER HOCH,NEUE BUNDESLAENDER,MANN,JUNG,NEIN,CDU-CSU,0.0
378,EHER UNGEBILDET,EHER HOCH,NEUE BUNDESLAENDER,MANN,JUNG,NEIN,DIE GRUENEN,0.0
379,EHER UNGEBILDET,EHER HOCH,NEUE BUNDESLAENDER,MANN,JUNG,NEIN,DIE LINKE,0.0
380,EHER UNGEBILDET,EHER HOCH,NEUE BUNDESLAENDER,MANN,JUNG,NEIN,FDP,0.0
381,EHER UNGEBILDET,EHER HOCH,NEUE BUNDESLAENDER,MANN,JUNG,NEIN,NPD,0.0
382,EHER UNGEBILDET,EHER HOCH,NEUE BUNDESLAENDER,MANN,JUNG,NEIN,SPD,0.0
383,EHER UNGEBILDET,EHER HOCH,NEUE BUNDESLAENDER,MANN,JUNG,NEIN,WUERDE NICHT WAEHLEN,0.0
384,EHER UNGEBILDET,EHER NIEDRIG,ALTE BUNDESLAENDER,FRAU,ALT,JA,AFD,0.002665482008
385,EHER UNGEBILDET,EHER NIEDRIG,ALTE BUNDESLAENDER,FRAU,ALT,JA,CDU-CSU,0.014660151044
386,EHER UNGEBILDET,EHER NIEDRIG,ALTE BUNDESLAENDER,FRAU,ALT,JA,DIE GRUENEN,0.00399822301199
387,EHER UNGEBILDET,EHER NIEDRIG,ALTE BUNDESLAENDER,FRAU,ALT,JA,DIE LINKE,0.001332741004
388,EHER UNGEBILDET,EHER NIEDRIG,ALTE BUNDESLAENDER,FRAU,ALT,JA,FDP,0.00533096401599
389,EHER UNGEBILDET,EHER NIEDRIG,ALTE BUNDESLAENDER,FRAU,ALT,JA,NPD,0.0
390,EHER UNGEBILDET,EHER NIEDRIG,ALTE BUNDESLAENDER,FRAU,ALT,JA,SPD,0.011994669036
391,EHER UNGEBILDET,EHER NIEDRIG,ALTE BUNDESLAENDER,FRAU,ALT,JA,WUERDE NICHT WAEHLEN,0.002665482008
392,EHER UNGEBILDET,EHER NIEDRIG,ALTE BUNDESLAENDER,FRAU,ALT,NEIN,AFD,0.00177698800533
393,EHER UNGEBILDET,EHER NIEDRIG,ALTE BUNDESLAENDER,FRAU,ALT,NEIN,CDU-CSU,0.0102176810307
394,EHER UNGEBILDET,EHER NIEDRIG,ALTE BUNDESLAENDER,FRAU,ALT,NEIN,DIE GRUENEN,0.002665482008
395,EHER UNGEBILDET,EHER NIEDRIG,ALTE BUNDESLAENDER,FRAU,ALT,NEIN,DIE LINKE,0.0
396,EHER UNGEBILDET,EHER NIEDRIG,ALTE BUNDESLAENDER,FRAU,ALT,NEIN,FDP,0.001332741004
397,EHER UNGEBILDET,EHER NIEDRIG,ALTE BUNDESLAENDER,FRAU,ALT,NEIN,NPD,0.000444247001333
398,EHER UNGEBILDET,EHER NIEDRIG,ALTE BUNDESLAENDER,FRAU,ALT,NEIN,SPD,0.00755219902266
399,EHER UNGEBILDET,EHER NIEDRIG,ALTE BUNDESLAENDER,FRAU,ALT,NEIN,WUERDE NICHT WAEHLEN,0.00577521101733
400,EHER UNGEBILDET,EHER NIEDRIG,ALTE BUNDESLAENDER,FRAU,JUNG,JA,AFD,0.00222123500666
401,EHER UNGEBILDET,EHER NIEDRIG,ALTE BUNDESLAENDER,FRAU,JUNG,JA,CDU-CSU,0.001332741004
402,EHER UNGEBILDET,EHER NIEDRIG,ALTE BUNDESLAENDER,FRAU,JUNG,JA,DIE GRUENEN,0.00177698800533
403,EHER UNGEBILDET,EHER NIEDRIG,ALTE BUNDESLAENDER,FRAU,JUNG,JA,DIE LINKE,0.000888494002665
404,EHER UNGEBILDET,EHER NIEDRIG,ALTE BUNDESLAENDER,FRAU,JUNG,JA,FDP,0.000444247001333
405,EHER UNGEBILDET,EHER NIEDRIG,ALTE BUNDESLAENDER,FRAU,JUNG,JA,NPD,0.0
406,EHER UNGEBILDET,EHER NIEDRIG,ALTE BUNDESLAENDER,FRAU,JUNG,JA,SPD,0.00177698800533
407,EHER UNGEBILDET,EHER NIEDRIG,ALTE BUNDESLAENDER,FRAU,JUNG,JA,WUERDE NICHT WAEHLEN,0.000444247001333
408,EHER UNGEBILDET,EHER NIEDRIG,ALTE BUNDESLAENDER,FRAU,JUNG,NEIN,AFD,0.000444247001333
409,EHER UNGEBILDET,EHER NIEDRIG,ALTE BUNDESLAENDER,FRAU,JUNG,NEIN,CDU-CSU,0.001332741004
410,EHER UNGEBILDET,EHER NIEDRIG,ALTE BUNDESLAENDER,FRAU,JUNG,NEIN,DIE GRUENEN,0.000444247001333
411,EHER UNGEBILDET,EHER NIEDRIG,ALTE BUNDESLAENDER,FRAU,JUNG,NEIN,DIE LINKE,0.000444247001333
412,EHER UNGEBILDET,EHER NIEDRIG,ALTE BUNDESLAENDER,FRAU,JUNG,NEIN,FDP,0.000444247001333
413,EHER UNGEBILDET,EHER NIEDRIG,ALTE BUNDESLAENDER,FRAU,JUNG,NEIN,NPD,0.0
414,EHER UNGEBILDET,EHER NIEDRIG,ALTE BUNDESLAENDER,FRAU,JUNG,NEIN,SPD,0.00222123500666
415,EHER UNGEBILDET,EHER NIEDRIG,ALTE BUNDESLAENDER,FRAU,JUNG,NEIN,WUERDE NICHT WAEHLEN,0.001332741004
416,EHER UNGEBILDET,EHER NIEDRIG,ALTE BUNDESLAENDER,MANN,ALT,JA,AFD,0.00577521101733
417,EHER UNGEBILDET,EHER NIEDRIG,ALTE BUNDESLAENDER,MANN,ALT,JA,CDU-CSU,0.0164371390493
418,EHER UNGEBILDET,EHER NIEDRIG,ALTE BUNDESLAENDER,MANN,ALT,JA,DIE GRUENEN,0.00355397601066
419,EHER UNGEBILDET,EHER NIEDRIG,ALTE BUNDESLAENDER,MANN,ALT,JA,DIE LINKE,0.00177698800533
420,EHER UNGEBILDET,EHER NIEDRIG,ALTE BUNDESLAENDER,MANN,ALT,JA,FDP,0.00621945801866
421,EHER UNGEBILDET,EHER NIEDRIG,ALTE BUNDESLAENDER,MANN,ALT,JA,NPD,0.0
422,EHER UNGEBILDET,EHER NIEDRIG,ALTE BUNDESLAENDER,MANN,ALT,JA,SPD,0.0128831630386
423,EHER UNGEBILDET,EHER NIEDRIG,ALTE BUNDESLAENDER,MANN,ALT,JA,WUERDE NICHT WAEHLEN,0.00488671701466
424,EHER UNGEBILDET,EHER NIEDRIG,ALTE BUNDESLAENDER,MANN,ALT,NEIN,AFD,0.00355397601066
425,EHER UNGEBILDET,EHER NIEDRIG,ALTE BUNDESLAENDER,MANN,ALT,NEIN,CDU-CSU,0.00310972900933
426,EHER UNGEBILDET,EHER NIEDRIG,ALTE BUNDESLAENDER,MANN,ALT,NEIN,DIE GRUENEN,0.00177698800533
427,EHER UNGEBILDET,EHER NIEDRIG,ALTE BUNDESLAENDER,MANN,ALT,NEIN,DIE LINKE,0.000888494002665
428,EHER UNGEBILDET,EHER NIEDRIG,ALTE BUNDESLAENDER,MANN,ALT,NEIN,FDP,0.000888494002665
429,EHER UNGEBILDET,EHER NIEDRIG,ALTE BUNDESLAENDER,MANN,ALT,NEIN,NPD,0.0
430,EHER UNGEBILDET,EHER NIEDRIG,ALTE BUNDESLAENDER,MANN,ALT,NEIN,SPD,0.00399822301199
431,EHER UNGEBILDET,EHER NIEDRIG,ALTE BUNDESLAENDER,MANN,ALT,NEIN,WUERDE NICHT WAEHLEN,0.00355397601066
432,EHER UNGEBILDET,EHER NIEDRIG,ALTE BUNDESLAENDER,MANN,JUNG,JA,AFD,0.00222123500666
433,EHER UNGEBILDET,EHER NIEDRIG,ALTE BUNDESLAENDER,MANN,JUNG,JA,CDU-CSU,0.00177698800533
434,EHER UNGEBILDET,EHER NIEDRIG,ALTE BUNDESLAENDER,MANN,JUNG,JA,DIE GRUENEN,0.001332741004
435,EHER UNGEBILDET,EHER NIEDRIG,ALTE BUNDESLAENDER,MANN,JUNG,JA,DIE LINKE,0.000444247001333
436,EHER UNGEBILDET,EHER NIEDRIG,ALTE BUNDESLAENDER,MANN,JUNG,JA,FDP,0.000444247001333
437,EHER UNGEBILDET,EHER NIEDRIG,ALTE BUNDESLAENDER,MANN,JUNG,JA,NPD,0.001332741004
438,EHER UNGEBILDET,EHER NIEDRIG,ALTE BUNDESLAENDER,MANN,JUNG,JA,SPD,0.00222123500666
439,EHER UNGEBILDET,EHER NIEDRIG,ALTE BUNDESLAENDER,MANN,JUNG,JA,WUERDE NICHT WAEHLEN,0.001332741004
440,EHER UNGEBILDET,EHER NIEDRIG,ALTE BUNDESLAENDER,MANN,JUNG,NEIN,AFD,0.000444247001333
441,EHER UNGEBILDET,EHER NIEDRIG,ALTE BUNDESLAENDER,MANN,JUNG,NEIN,CDU-CSU,0.000888494002665
442,EHER UNGEBILDET,EHER NIEDRIG,ALTE BUNDESLAENDER,MANN,JUNG,NEIN,DIE GRUENEN,0.000444247001333
443,EHER UNGEBILDET,EHER NIEDRIG,ALTE BUNDESLAENDER,MANN,JUNG,NEIN,DIE LINKE,0.0
444,EHER UNGEBILDET,EHER NIEDRIG,ALTE BUNDESLAENDER,MANN,JUNG,NEIN,FDP,0.0
445,EHER UNGEBILDET,EHER NIEDRIG,ALTE BUNDESLAENDER,MANN,JUNG,NEIN,NPD,0.0
446,EHER UNGEBILDET,EHER NIEDRIG,ALTE BUNDESLAENDER,MANN,JUNG,NEIN,SPD,0.00177698800533
447,EHER UNGEBILDET,EHER NIEDRIG,ALTE BUNDESLAENDER,MANN,JUNG,NEIN,WUERDE NICHT WAEHLEN,0.00355397601066
448,EHER UNGEBILDET,EHER NIEDRIG,NEUE BUNDESLAENDER,FRAU,ALT,JA,AFD,0.000888494002665
449,EHER UNGEBILDET,EHER NIEDRIG,NEUE BUNDESLAENDER,FRAU,ALT,JA,CDU-CSU,0.00488671701466
450,EHER UNGEBILDET,EHER NIEDRIG,NEUE BUNDESLAENDER,FRAU,ALT,JA,DIE GRUENEN,0.000444247001333
451,EHER UNGEBILDET,EHER NIEDRIG,NEUE BUNDESLAENDER,FRAU,ALT,JA,DIE LINKE,0.00399822301199
452,EHER UNGEBILDET,EHER NIEDRIG,NEUE BUNDESLAENDER,FRAU,ALT,JA,FDP,0.000444247001333
453,EHER UNGEBILDET,EHER NIEDRIG,NEUE BUNDESLAENDER,FRAU,ALT,JA,NPD,0.0
454,EHER UNGEBILDET,EHER NIEDRIG,NEUE BUNDESLAENDER,FRAU,ALT,JA,SPD,0.00399822301199
455,EHER UNGEBILDET,EHER NIEDRIG,NEUE BUNDESLAENDER,FRAU,ALT,JA,WUERDE NICHT WAEHLEN,0.002665482008
456,EHER UNGEBILDET,EHER NIEDRIG,NEUE BUNDESLAENDER,FRAU,ALT,NEIN,AFD,0.000888494002665
457,EHER UNGEBILDET,EHER NIEDRIG,NEUE BUNDESLAENDER,FRAU,ALT,NEIN,CDU-CSU,0.00222123500666
458,EHER UNGEBILDET,EHER NIEDRIG,NEUE BUNDESLAENDER,FRAU,ALT,NEIN,DIE GRUENEN,0.000444247001333
459,EHER UNGEBILDET,EHER NIEDRIG,NEUE BUNDESLAENDER,FRAU,ALT,NEIN,DIE LINKE,0.000888494002665
460,EHER UNGEBILDET,EHER NIEDRIG,NEUE BUNDESLAENDER,FRAU,ALT,NEIN,FDP,0.0
461,EHER UNGEBILDET,EHER NIEDRIG,NEUE BUNDESLAENDER,FRAU,ALT,NEIN,NPD,0.0
462,EHER UNGEBILDET,EHER NIEDRIG,NEUE BUNDESLAENDER,FRAU,ALT,NEIN,SPD,0.00222123500666
463,EHER UNGEBILDET,EHER NIEDRIG,NEUE BUNDESLAENDER,FRAU,ALT,NEIN,WUERDE NICHT WAEHLEN,0.002665482008
464,EHER UNGEBILDET,EHER NIEDRIG,NEUE BUNDESLAENDER,FRAU,JUNG,JA,AFD,0.0
465,EHER UNGEBILDET,EHER NIEDRIG,NEUE BUNDESLAENDER,FRAU,JUNG,JA,CDU-CSU,0.0
466,EHER UNGEBILDET,EHER NIEDRIG,NEUE BUNDESLAENDER,FRAU,JUNG,JA,DIE GRUENEN,0.0
467,EHER UNGEBILDET,EHER NIEDRIG,NEUE BUNDESLAENDER,FRAU,JUNG,JA,DIE LINKE,0.0
468,EHER UNGEBILDET,EHER NIEDRIG,NEUE BUNDESLAENDER,FRAU,JUNG,JA,FDP,0.0
469,EHER UNGEBILDET,EHER NIEDRIG,NEUE BUNDESLAENDER,FRAU,JUNG,JA,NPD,0.0
470,EHER UNGEBILDET,EHER NIEDRIG,NEUE BUNDESLAENDER,FRAU,JUNG,JA,SPD,0.0
471,EHER UNGEBILDET,EHER NIEDRIG,NEUE BUNDESLAENDER,FRAU,JUNG,JA,WUERDE NICHT WAEHLEN,0.0
472,EHER UNGEBILDET,EHER NIEDRIG,NEUE BUNDESLAENDER,FRAU,JUNG,NEIN,AFD,0.000444247001333
473,EHER UNGEBILDET,EHER NIEDRIG,NEUE BUNDESLAENDER,FRAU,JUNG,NEIN,CDU-CSU,0.000444247001333
474,EHER UNGEBILDET,EHER NIEDRIG,NEUE BUNDESLAENDER,FRAU,JUNG,NEIN,DIE GRUENEN,0.0
475,EHER UNGEBILDET,EHER NIEDRIG,NEUE BUNDESLAENDER,FRAU,JUNG,NEIN,DIE LINKE,0.000444247001333
476,EHER UNGEBILDET,EHER NIEDRIG,NEUE BUNDESLAENDER,FRAU,JUNG,NEIN,FDP,0.0
477,EHER UNGEBILDET,EHER NIEDRIG,NEUE BUNDESLAENDER,FRAU,JUNG,NEIN,NPD,0.0
478,EHER UNGEBILDET,EHER NIEDRIG,NEUE BUNDESLAENDER,FRAU,JUNG,NEIN,SPD,0.0
479,EHER UNGEBILDET,EHER NIEDRIG,NEUE BUNDESLAENDER,FRAU,JUNG,NEIN,WUERDE NICHT WAEHLEN,0.000888494002665
480,EHER UNGEBILDET,EHER NIEDRIG,NEUE BUNDESLAENDER,MANN,ALT,JA,AFD,0.00577521101733
481,EHER UNGEBILDET,EHER NIEDRIG,NEUE BUNDESLAENDER,MANN,ALT,JA,CDU-CSU,0.00621945801866
482,EHER UNGEBILDET,EHER NIEDRIG,NEUE BUNDESLAENDER,MANN,ALT,JA,DIE GRUENEN,0.000888494002665
483,EHER UNGEBILDET,EHER NIEDRIG,NEUE BUNDESLAENDER,MANN,ALT,JA,DIE LINKE,0.00399822301199
484,EHER UNGEBILDET,EHER NIEDRIG,NEUE BUNDESLAENDER,MANN,ALT,JA,FDP,0.000444247001333
485,EHER UNGEBILDET,EHER NIEDRIG,NEUE BUNDESLAENDER,MANN,ALT,JA,NPD,0.0
486,EHER UNGEBILDET,EHER NIEDRIG,NEUE BUNDESLAENDER,MANN,ALT,JA,SPD,0.00310972900933
487,EHER UNGEBILDET,EHER NIEDRIG,NEUE BUNDESLAENDER,MANN,ALT,JA,WUERDE NICHT WAEHLEN,0.00177698800533
488,EHER UNGEBILDET,EHER NIEDRIG,NEUE BUNDESLAENDER,MANN,ALT,NEIN,AFD,0.000888494002665
489,EHER UNGEBILDET,EHER NIEDRIG,NEUE BUNDESLAENDER,MANN,ALT,NEIN,CDU-CSU,0.00177698800533
490,EHER UNGEBILDET,EHER NIEDRIG,NEUE BUNDESLAENDER,MANN,ALT,NEIN,DIE GRUENEN,0.000888494002665
491,EHER UNGEBILDET,EHER NIEDRIG,NEUE BUNDESLAENDER,MANN,ALT,NEIN,DIE LINKE,0.00177698800533
492,EHER UNGEBILDET,EHER NIEDRIG,NEUE BUNDESLAENDER,MANN,ALT,NEIN,FDP,0.000888494002665
493,EHER UNGEBILDET,EHER NIEDRIG,NEUE BUNDESLAENDER,MANN,ALT,NEIN,NPD,0.0
494,EHER UNGEBILDET,EHER NIEDRIG,NEUE BUNDESLAENDER,MANN,ALT,NEIN,SPD,0.000888494002665
495,EHER UNGEBILDET,EHER NIEDRIG,NEUE BUNDESLAENDER,MANN,ALT,NEIN,WUERDE NICHT WAEHLEN,0.00355397601066
496,EHER UNGEBILDET,EHER NIEDRIG,NEUE BUNDESLAENDER,MANN,JUNG,JA,AFD,0.000888494002665
497,EHER UNGEBILDET,EHER NIEDRIG,NEUE BUNDESLAENDER,MANN,JUNG,JA,CDU-CSU,0.000444247001333
498,EHER UNGEBILDET,EHER NIEDRIG,NEUE BUNDESLAENDER,MANN,JUNG,JA,DIE GRUENEN,0.0
499,EHER UNGEBILDET,EHER NIEDRIG,NEUE BUNDESLAENDER,MANN,JUNG,JA,DIE LINKE,0.000444247001333
500,EHER UNGEBILDET,EHER NIEDRIG,NEUE BUNDESLAENDER,MANN,JUNG,JA,FDP,0.0
501,EHER UNGEBILDET,EHER NIEDRIG,NEUE BUNDESLAENDER,MANN,JUNG,JA,NPD,0.000444247001333
502,EHER UNGEBILDET,EHER NIEDRIG,NEUE BUNDESLAENDER,MANN,JUNG,JA,SPD,0.000888494002665
503,EHER UNGEBILDET,EHER NIEDRIG,NEUE BUNDESLAENDER,MANN,JUNG,JA,WUERDE NICHT WAEHLEN,0.000444247001333
504,EHER UNGEBILDET,EHER NIEDRIG,NEUE BUNDESLAENDER,MANN,JUNG,NEIN,AFD,0.000444247001333
505,EHER UNGEBILDET,EHER NIEDRIG,NEUE BUNDESLAENDER,MANN,JUNG,NEIN,CDU-CSU,0.000444247001333
506,EHER UNGEBILDET,EHER NIEDRIG,NEUE BUNDESLAENDER,MANN,JUNG,NEIN,DIE GRUENEN,0.0
507,EHER UNGEBILDET,EHER NIEDRIG,NEUE BUNDESLAENDER,MANN,JUNG,NEIN,DIE LINKE,0.000444247001333
508,EHER UNGEBILDET,EHER NIEDRIG,NEUE BUNDESLAENDER,MANN,JUNG,NEIN,FDP,0.0
509,EHER UNGEBILDET,EHER NIEDRIG,NEUE BUNDESLAENDER,MANN,JUNG,NEIN,NPD,0.000444247001333
510,EHER UNGEBILDET,EHER NIEDRIG,NEUE BUNDESLAENDER,MANN,JUNG,NEIN,SPD,0.000444247001333
511,EHER UNGEBILDET,EHER NIEDRIG,NEUE BUNDESLAENDER,MANN,JUNG,NEIN,WUERDE NICHT WAEHLEN,0.000888494002665
