,a_education,b_income,c_eastwest,d_sex,e_age,f_political_interest,g_preferred_party
0,EHER GEBILDET,EHER NIEDRIG,ALTE BUNDESLAENDER,FRAU,ALT,JA,SPD
1,EHER GEBILDET,EHER NIEDRIG,ALTE BUNDESLAENDER,FRAU,ALT,JA,CDU-CSU
2,EHER GEBILDET,EHER NIEDRIG,ALTE BUNDESLAENDER,FRAU,JUNG,JA,DIE LINKE
3,EHER GEBILDET,EHER NIEDRIG,NEUE BUNDESLAENDER,MANN,ALT,JA,DIE GRUENEN
4,EHER GEBILDET,EHER NIEDRIG,ALTE BUNDESLAENDER,MANN,ALT,JA,AFD
5,EHER GEBILDET,EHER HOCH,NEUE BUNDESLAENDER,MANN,ALT,JA,WUERDE NICHT WAEHLEN
6,EHER GEBILDET,EHER NIEDRIG,NEUE BUNDESLAENDER,FRAU,ALT,NEIN,CDU-CSU
7,EHER UNGEBILDET,EHER NIEDRIG,ALTE BUNDESLAENDER,FRAU,JUNG,NEIN,AFD
8,EHER GEBILDET,EHER NIEDRIG,ALTE BUNDESLAENDER,MANN,JUNG,JA,FDP
9,EHER UNGEBILDET,EHER NIEDRIG,ALTE BUNDESLAENDER,FRAU,ALT,JA,AFD
10,EHER GEBILDET,EHER NIEDRIG,NEUE BUNDESLAENDER,MANN,ALT,JA,SPD
11,EHER UNGEBILDET,EHER NIEDRIG,NEUE BUNDESLAENDER,MANN,ALT,NEIN,AFD
12,EHER UNGEBILDET,EHER NIEDRIG,ALTE BUNDESLAENDER,FRAU,ALT,JA,SPD
13,EHER GEBILDET,EHER NIEDRIG,ALTE BUNDESLAENDER,FRAU,ALT,JA,DIE GRUENEN
14,EHER UNGEBILDET,EHER NIEDRIG,NEUE BUNDESLAENDER,MANN,ALT,JA,CDU-CSU
15,EHER UNGEBILDET,EHER HOCH,ALTE BUNDESLAENDER,MANN,ALT,JA,SPD
16,EHER GEBILDET,EHER NIEDRIG,ALTE BUNDESLAENDER,FRAU,JUNG,NEIN,CDU-CSU
17,EHER GEBILDET,EHER NIEDRIG,ALTE BUNDESLAENDER,MANN,ALT,NEIN,WUERDE NICHT WAEHLEN
18,EHER GEBILDET,EHER NIEDRIG,NEUE BUNDESLAENDER,FRAU,ALT,JA,CDU-CSU
19,EHER GEBILDET,EHER NIEDRIG,ALTE BUNDESLAENDER,FRAU,JUNG,JA,CDU-CSU
20,EHER GEBILDET,EHER NIEDRIG,ALTE BUNDESLAENDER,FRAU,ALT,JA,FDP
21,EHER UNGEBILDET,EHER NIEDRIG,NEUE BUNDESLAENDER,MANN,ALT,JA,SPD
22,EHER GEBILDET,EHER NIEDRIG,NEUE BUNDESLAENDER,FRAU,ALT,JA,SPD
23,EHER GEBILDET,EHER HOCH,ALTE BUNDESLAENDER,FRAU,JUNG,JA,FDP
24,EHER GEBILDET,EHER NIEDRIG,ALTE BUNDESLAENDER,FRAU,JUNG,JA,DIE GRUENEN
25,EHER GEBILDET,EHER NIEDRIG,NEUE BUNDESLAENDER,MANN,JUNG,JA,DIE GRUENEN
26,EHER GEBILDET,EHER HOCH,ALTE BUNDESLAENDER,MANN,ALT,JA,CDU-CSU
27,EHER GEBILDET,EHER NIEDRIG,NEUE BUNDESLAENDER,FRAU,ALT,NEIN,AFD
28,EHER GEBILDET,EHER NIEDRIG,ALTE BUNDESLAENDER,MANN,ALT,NEIN,SPD
29,EHER GEBILDET,EHER NIEDRIG,NEUE BUNDESLAENDER,MANN,JUNG,JA,FDP
30,EHER GEBILDET,EHER NIEDRIG,NEUE BUNDESLAENDER,FRAU,ALT,JA,DIE GRUENEN
31,EHER UNGEBILDET,EHER NIEDRIG,NEUE BUNDESLAENDER,MANN,ALT,JA,CDU-CSU
32,EHER GEBILDET,EHER NIEDRIG,ALTE BUNDESLAENDER,FRAU,ALT,JA,SPD
33,EHER GEBILDET,EHER HOCH,ALTE BUNDESLAENDER,MANN,ALT,JA,SPD
34,EHER GEBILDET,EHER NIEDRIG,ALTE BUNDESLAENDER,FRAU,JUNG,JA,CDU-CSU
35,EHER GEBILDET,EHER NIEDRIG,NEUE BUNDESLAENDER,MANN,ALT,JA,SPD
36,EHER GEBILDET,EHER NIEDRIG,NEUE BUNDESLAENDER,MANN,ALT,NEIN,SPD
37,EHER GEBILDET,EHER NIEDRIG,ALTE BUNDESLAENDER,FRAU,ALT,JA,SPD
38,EHER GEBILDET,EHER NIEDRIG,ALTE BUNDESLAENDER,MANN,ALT,JA,DIE GRUENEN
39,EHER UNGEBILDET,EHER NIEDRIG,ALTE BUNDESLAENDER,FRAU,ALT,NEIN,CDU-CSU
40,EHER GEBILDET,EHER NIEDRIG,NEUE BUNDESLAENDER,FRAU,ALT,JA,DIE GRUENEN
41,EHER GEBILDET,EHER HOCH,ALTE BUNDESLAENDER,MANN,ALT,JA,CDU-CSU
42,EHER GEBILDET,EHER NIEDRIG,ALTE BUNDESLAENDER,FRAU,ALT,JA,WUERDE NICHT WAEHLEN
43,EHER GEBILDET,EHER NIEDRIG,NEUE BUNDESLAENDER,MANN,ALT,JA,DIE GRUENEN
44,EHER GEBILDET,EHER NIEDRIG,NEUE BUNDESLAENDER,FRAU,ALT,JA,SPD
45,EHER UNGEBILDET,EHER NIEDRIG,NEUE BUNDESLAENDER,MANN,ALT,JA,DIE LINKE
46,EHER GEBILDET,EHER NIEDRIG,NEUE BUNDESLAENDER,MANN,ALT,JA,CDU-CSU
47,EHER GEBILDET,EHER NIEDRIG,NEUE BUNDESLAENDER,MANN,ALT,JA,FDP
48,EHER GEBILDET,EHER NIEDRIG,NEUE BUNDESLAENDER,FRAU,ALT,JA,DIE LINKE
49,EHER GEBILDET,EHER HOCH,ALTE BUNDESLAENDER,FRAU,ALT,JA,CDU-CSU
50,EHER UNGEBILDET,EHER NIEDRIG,ALTE BUNDESLAENDER,MANN,JUNG,NEIN,SPD
51,EHER GEBILDET,EHER HOCH,ALTE BUNDESLAENDER,MANN,JUNG,JA,FDP
52,EHER GEBILDET,EHER NIEDRIG,ALTE BUNDESLAENDER,MANN,JUNG,JA,CDU-CSU
53,EHER GEBILDET,EHER NIEDRIG,ALTE BUNDESLAENDER,MANN,JUNG,JA,DIE GRUENEN
54,EHER GEBILDET,EHER NIEDRIG,ALTE BUNDESLAENDER,FRAU,ALT,JA,CDU-CSU
55,EHER UNGEBILDET,EHER NIEDRIG,ALTE BUNDESLAENDER,FRAU,ALT,JA,SPD
56,EHER GEBILDET,EHER NIEDRIG,NEUE BUNDESLAENDER,FRAU,ALT,JA,DIE LINKE
57,EHER GEBILDET,EHER NIEDRIG,ALTE BUNDESLAENDER,FRAU,ALT,JA,CDU-CSU
58,EHER GEBILDET,EHER NIEDRIG,ALTE BUNDESLAENDER,FRAU,ALT,JA,CDU-CSU
59,EHER UNGEBILDET,EHER NIEDRIG,ALTE BUNDESLAENDER,FRAU,JUNG,NEIN,AFD
60,EHER GEBILDET,EHER NIEDRIG,NEUE BUNDESLAENDER,FRAU,JUNG,JA,DIE GRUENEN
61,EHER UNGEBILDET,EHER NIEDRIG,NEUE BUNDESLAENDER,FRAU,ALT,JA,CDU-CSU
62,EHER GEBILDET,EHER NIEDRIG,ALTE BUNDESLAENDER,FRAU,ALT,JA,SPD
63,EHER UNGEBILDET,EHER NIEDRIG,NEUE BUNDESLAENDER,FRAU,ALT,NEIN,WUERDE NICHT WAEHLEN
64,EHER GEBILDET,EHER NIEDRIG,ALTE BUNDESLAENDER,MANN,ALT,NEIN,DIE GRUENEN
65,EHER GEBILDET,EHER HOCH,ALTE BUNDESLAENDER,FRAU,ALT,JA,SPD
66,EHER GEBILDET,EHER NIEDRIG,NEUE BUNDESLAENDER,MANN,ALT,JA,DIE LINKE
67,EHER GEBILDET,EHER NIEDRIG,ALTE BUNDESLAENDER,MANN,JUNG,JA,SPD
68,EHER GEBILDET,EHER NIEDRIG,NEUE BUNDESLAENDER,MANN,ALT,JA,SPD
69,EHER GEBILDET,EHER HOCH,ALTE BUNDESLAENDER,MANN,JUNG,JA,CDU-CSU
70,EHER GEBILDET,EHER HOCH,ALTE BUNDESLAENDER,MANN,ALT,JA,FDP
71,EHER UNGEBILDET,EHER NIEDRIG,ALTE BUNDESLAENDER,MANN,ALT,JA,FDP
72,EHER UNGEBILDET,EHER NIEDRIG,NEUE BUNDESLAENDER,MANN,ALT,JA,AFD
73,EHER GEBILDET,EHER NIEDRIG,ALTE BUNDESLAENDER,MANN,JUNG,JA,DIE LINKE
74,EHER UNGEBILDET,EHER NIEDRIG,ALTE BUNDESLAENDER,MANN,ALT,JA,CDU-CSU
75,EHER UNGEBILDET,EHER NIEDRIG,ALTE BUNDESLAENDER,MANN,JUNG,JA,DIE GRUENEN
76,EHER GEBILDET,EHER NIEDRIG,NEUE BUNDESLAENDER,MANN,ALT,JA,SPD
77,EHER GEBILDET,EHER NIEDRIG,NEUE BUNDESLAENDER,MANN,ALT,JA,AFD
78,EHER GEBILDET,EHER HOCH,ALTE BUNDESLAENDER,FRAU,ALT,NEIN,DIE GRUENEN
79,EHER GEBILDET,EHER NIEDRIG,NEUE BUNDESLAENDER,MANN,JUNG,JA,AFD
80,EHER GEBILDET,EHER HOCH,ALTE BUNDESLAENDER,MANN,ALT,JA,AFD
81,EHER GEBILDET,EHER NIEDRIG,NEUE BUNDESLAENDER,FRAU,ALT,JA,CDU-CSU
82,EHER GEBILDET,EHER NIEDRIG,ALTE BUNDESLAENDER,FRAU,ALT,JA,CDU-CSU
83,EHER GEBILDET,EHER NIEDRIG,ALTE BUNDESLAENDER,MANN,JUNG,JA,DIE GRUENEN
84,EHER GEBILDET,EHER NIEDRIG,ALTE BUNDESLAENDER,MANN,ALT,JA,DIE GRUENEN
85,EHER UNGEBILDET,EHER NIEDRIG,ALTE BUNDESLAENDER,MANN,ALT,NEIN,SPD
86,EHER UNGEBILDET,EHER NIEDRIG,ALTE BUNDESLAENDER,MANN,ALT,JA,CDU-CSU
87,EHER GEBILDET,EHER NIEDRIG,NEUE BUNDESLAENDER,FRAU,ALT,JA,CDU-CSU
88,EHER UNGEBILDET,EHER NIEDRIG,ALTE BUNDESLAENDER,MANN,JUNG,JA,CDU-CSU
89,EHER UNGEBILDET,EHER HOCH,ALTE BUNDESLAENDER,MANN,ALT,JA,CDU-CSU
90,EHER GEBILDET,EHER NIEDRIG,ALTE BUNDESLAENDER,FRAU,JUNG,JA,SPD
91,EHER UNGEBILDET,EHER NIEDRIG,ALTE BUNDESLAENDER,FRAU,ALT,NEIN,SPD
92,EHER GEBILDET,EHER NIEDRIG,ALTE BUNDESLAENDER,FRAU,ALT,JA,SPD
93,EHER UNGEBILDET,EHER NIEDRIG,ALTE BUNDESLAENDER,FRAU,ALT,JA,CDU-CSU
94,EHER UNGEBILDET,EHER NIEDRIG,NEUE BUNDESLAENDER,MANN,ALT,JA,CDU-CSU
95,EHER GEBILDET,EHER NIEDRIG,NEUE BUNDESLAENDER,FRAU,ALT,JA,DIE GRUENEN
96,EHER GEBILDET,EHER NIEDRIG,ALTE BUNDESLAENDER,MANN,ALT,JA,SPD
97,EHER GEBILDET,EHER NIEDRIG,NEUE BUNDESLAENDER,FRAU,ALT,JA,FDP
98,EHER UNGEBILDET,EHER NIEDRIG,ALTE BUNDESLAENDER,FRAU,ALT,JA,DIE GRUENEN
99,EHER GEBILDET,EHER NIEDRIG,ALTE BUNDESLAENDER,MANN,ALT,JA,FDP
100,EHER UNGEBILDET,EHER NIEDRIG,NEUE BUNDESLAENDER,FRAU,ALT,JA,CDU-CSU
101,EHER GEBILDET,EHER HOCH,NEUE BUNDESLAENDER,MANN,ALT,JA,DIE LINKE
102,EHER GEBILDET,EHER NIEDRIG,ALTE BUNDESLAENDER,MANN,ALT,JA,CDU-CSU
103,EHER UNGEBILDET,EHER NIEDRIG,ALTE BUNDESLAENDER,MANN,ALT,JA,SPD
104,EHER UNGEBILDET,EHER NIEDRIG,ALTE BUNDESLAENDER,MANN,ALT,JA,FDP
105,EHER GEBILDET,EHER HOCH,NEUE BUNDESLAENDER,MANN,ALT,JA,SPD
106,EHER GEBILDET,EHER NIEDRIG,ALTE BUNDESLAENDER,FRAU,ALT,NEIN,CDU-CSU
107,EHER UNGEBILDET,EHER NIEDRIG,ALTE BUNDESLAENDER,FRAU,ALT,NEIN,CDU-CSU
108,EHER UNGEBILDET,EHER NIEDRIG,ALTE BUNDESLAENDER,FRAU,ALT,JA,AFD
109,EHER GEBILDET,EHER NIEDRIG,NEUE BUNDESLAENDER,MANN,ALT,JA,CDU-CSU
110,EHER GEBILDET,EHER HOCH,ALTE BUNDESLAENDER,FRAU,ALT,JA,CDU-CSU
111,EHER GEBILDET,EHER HOCH,ALTE BUNDESLAENDER,FRAU,ALT,JA,FDP
112,EHER GEBILDET,EHER NIEDRIG,ALTE BUNDESLAENDER,FRAU,JUNG,NEIN,CDU-CSU
113,EHER GEBILDET,EHER NIEDRIG,ALTE BUNDESLAENDER,FRAU,JUNG,JA,DIE GRUENEN
114,EHER GEBILDET,EHER NIEDRIG,ALTE BUNDESLAENDER,FRAU,JUNG,JA,SPD
115,EHER GEBILDET,EHER NIEDRIG,ALTE BUNDESLAENDER,MANN,ALT,JA,CDU-CSU
116,EHER GEBILDET,EHER NIEDRIG,ALTE BUNDESLAENDER,MANN,JUNG,JA,DIE LINKE
117,EHER GEBILDET,EHER NIEDRIG,NEUE BUNDESLAENDER,MANN,ALT,JA,SPD
118,EHER UNGEBILDET,EHER NIEDRIG,ALTE BUNDESLAENDER,MANN,ALT,JA,DIE LINKE
119,EHER UNGEBILDET,EHER NIEDRIG,ALTE BUNDESLAENDER,MANN,JUNG,JA,DIE GRUENEN
120,EHER UNGEBILDET,EHER NIEDRIG,ALTE BUNDESLAENDER,FRAU,ALT,NEIN,WUERDE NICHT WAEHLEN
121,EHER UNGEBILDET,EHER NIEDRIG,NEUE BUNDESLAENDER,FRAU,ALT,NEIN,SPD
122,EHER GEBILDET,EHER HOCH,ALTE BUNDESLAENDER,FRAU,ALT,JA,SPD
123,EHER GEBILDET,EHER HOCH,ALTE BUNDESLAENDER,FRAU,JUNG,JA,DIE GRUENEN
124,EHER GEBILDET,EHER NIEDRIG,ALTE BUNDESLAENDER,MANN,JUNG,JA,CDU-CSU
125,EHER GEBILDET,EHER NIEDRIG,ALTE BUNDESLAENDER,FRAU,ALT,JA,SPD
126,EHER UNGEBILDET,EHER NIEDRIG,ALTE BUNDESLAENDER,FRAU,ALT,NEIN,WUERDE NICHT WAEHLEN
127,EHER GEBILDET,EHER HOCH,ALTE BUNDESLAENDER,MANN,ALT,JA,WUERDE NICHT WAEHLEN
128,EHER GEBILDET,EHER NIEDRIG,ALTE BUNDESLAENDER,MANN,JUNG,JA,CDU-CSU
129,EHER GEBILDET,EHER NIEDRIG,ALTE BUNDESLAENDER,MANN,ALT,NEIN,AFD
130,EHER GEBILDET,EHER NIEDRIG,NEUE BUNDESLAENDER,MANN,ALT,JA,WUERDE NICHT WAEHLEN
131,EHER GEBILDET,EHER HOCH,ALTE BUNDESLAENDER,MANN,JUNG,JA,CDU-CSU
132,EHER UNGEBILDET,EHER NIEDRIG,NEUE BUNDESLAENDER,MANN,ALT,JA,AFD
133,EHER GEBILDET,EHER NIEDRIG,ALTE BUNDESLAENDER,FRAU,JUNG,JA,DIE LINKE
134,EHER GEBILDET,EHER NIEDRIG,ALTE BUNDESLAENDER,MANN,JUNG,JA,CDU-CSU
135,EHER GEBILDET,EHER NIEDRIG,ALTE BUNDESLAENDER,MANN,JUNG,JA,AFD
136,EHER UNGEBILDET,EHER NIEDRIG,ALTE BUNDESLAENDER,MANN,ALT,NEIN,DIE GRUENEN
137,EHER GEBILDET,EHER HOCH,ALTE BUNDESLAENDER,MANN,JUNG,JA,CDU-CSU
138,EHER GEBILDET,EHER NIEDRIG,NEUE BUNDESLAENDER,FRAU,JUNG,JA,CDU-CSU
139,EHER UNGEBILDET,EHER NIEDRIG,ALTE BUNDESLAENDER,FRAU,ALT,JA,SPD
140,EHER UNGEBILDET,EHER NIEDRIG,NEUE BUNDESLAENDER,FRAU,ALT,NEIN,SPD
141,EHER GEBILDET,EHER HOCH,ALTE BUNDESLAENDER,MANN,JUNG,JA,CDU-CSU
142,EHER GEBILDET,EHER NIEDRIG,ALTE BUNDESLAENDER,FRAU,ALT,JA,FDP
143,EHER UNGEBILDET,EHER NIEDRIG,NEUE BUNDESLAENDER,MANN,ALT,JA,WUERDE NICHT WAEHLEN
144,EHER GEBILDET,EHER NIEDRIG,NEUE BUNDESLAENDER,FRAU,ALT,NEIN,WUERDE NICHT WAEHLEN
145,EHER GEBILDET,EHER NIEDRIG,ALTE BUNDESLAENDER,MANN,JUNG,JA,SPD
146,EHER GEBILDET,EHER NIEDRIG,NEUE BUNDESLAENDER,FRAU,ALT,NEIN,WUERDE NICHT WAEHLEN
147,EHER GEBILDET,EHER HOCH,ALTE BUNDESLAENDER,MANN,ALT,JA,CDU-CSU
148,EHER GEBILDET,EHER NIEDRIG,NEUE BUNDESLAENDER,FRAU,ALT,JA,DIE LINKE
149,EHER UNGEBILDET,EHER NIEDRIG,ALTE BUNDESLAENDER,FRAU,ALT,NEIN,CDU-CSU
150,EHER GEBILDET,EHER NIEDRIG,ALTE BUNDESLAENDER,FRAU,JUNG,JA,DIE GRUENEN
151,EHER UNGEBILDET,EHER NIEDRIG,ALTE BUNDESLAENDER,MANN,ALT,JA,DIE GRUENEN
152,EHER GEBILDET,EHER HOCH,ALTE BUNDESLAENDER,FRAU,ALT,JA,SPD
153,EHER UNGEBILDET,EHER NIEDRIG,ALTE BUNDESLAENDER,FRAU,ALT,JA,CDU-CSU
154,EHER GEBILDET,EHER HOCH,ALTE BUNDESLAENDER,FRAU,JUNG,JA,CDU-CSU
155,EHER GEBILDET,EHER NIEDRIG,ALTE BUNDESLAENDER,FRAU,JUNG,JA,DIE GRUENEN
156,EHER GEBILDET,EHER NIEDRIG,ALTE BUNDESLAENDER,MANN,JUNG,JA,DIE LINKE
157,EHER UNGEBILDET,EHER HOCH,ALTE BUNDESLAENDER,MANN,ALT,NEIN,SPD
158,EHER GEBILDET,EHER HOCH,ALTE BUNDESLAENDER,MANN,ALT,JA,FDP
159,EHER GEBILDET,EHER NIEDRIG,ALTE BUNDESLAENDER,FRAU,JUNG,NEIN,AFD
160,EHER GEBILDET,EHER NIEDRIG,NEUE BUNDESLAENDER,MANN,ALT,JA,SPD
161,EHER GEBILDET,EHER NIEDRIG,NEUE BUNDESLAENDER,MANN,ALT,NEIN,SPD
162,EHER GEBILDET,EHER NIEDRIG,ALTE BUNDESLAENDER,FRAU,JUNG,JA,CDU-CSU
163,EHER GEBILDET,EHER NIEDRIG,ALTE BUNDESLAENDER,FRAU,ALT,JA,WUERDE NICHT WAEHLEN
164,EHER UNGEBILDET,EHER NIEDRIG,ALTE BUNDESLAENDER,MANN,ALT,JA,CDU-CSU
165,EHER UNGEBILDET,EHER NIEDRIG,NEUE BUNDESLAENDER,FRAU,ALT,NEIN,SPD
166,EHER GEBILDET,EHER NIEDRIG,ALTE BUNDESLAENDER,MANN,JUNG,JA,CDU-CSU
167,EHER GEBILDET,EHER NIEDRIG,ALTE BUNDESLAENDER,FRAU,JUNG,JA,CDU-CSU
168,EHER UNGEBILDET,EHER NIEDRIG,NEUE BUNDESLAENDER,FRAU,ALT,JA,DIE LINKE
169,EHER UNGEBILDET,EHER NIEDRIG,ALTE BUNDESLAENDER,MANN,JUNG,JA,DIE GRUENEN
170,EHER UNGEBILDET,EHER NIEDRIG,NEUE BUNDESLAENDER,FRAU,JUNG,NEIN,CDU-CSU
171,EHER UNGEBILDET,EHER NIEDRIG,ALTE BUNDESLAENDER,FRAU,ALT,JA,CDU-CSU
172,EHER GEBILDET,EHER NIEDRIG,NEUE BUNDESLAENDER,FRAU,JUNG,JA,DIE GRUENEN
173,EHER GEBILDET,EHER HOCH,ALTE BUNDESLAENDER,MANN,ALT,JA,WUERDE NICHT WAEHLEN
174,EHER GEBILDET,EHER NIEDRIG,ALTE BUNDESLAENDER,FRAU,ALT,JA,SPD
175,EHER GEBILDET,EHER HOCH,NEUE BUNDESLAENDER,MANN,ALT,JA,FDP
176,EHER UNGEBILDET,EHER NIEDRIG,ALTE BUNDESLAENDER,MANN,ALT,JA,SPD
177,EHER GEBILDET,EHER NIEDRIG,ALTE BUNDESLAENDER,FRAU,JUNG,NEIN,CDU-CSU
178,EHER UNGEBILDET,EHER NIEDRIG,ALTE BUNDESLAENDER,FRAU,ALT,NEIN,CDU-CSU
179,EHER UNGEBILDET,EHER NIEDRIG,ALTE BUNDESLAENDER,FRAU,JUNG,NEIN,SPD
180,EHER GEBILDET,EHER NIEDRIG,NEUE BUNDESLAENDER,MANN,ALT,JA,DIE GRUENEN
181,EHER GEBILDET,EHER NIEDRIG,NEUE BUNDESLAENDER,FRAU,ALT,JA,SPD
182,EHER UNGEBILDET,EHER NIEDRIG,NEUE BUNDESLAENDER,FRAU,ALT,NEIN,WUERDE NICHT WAEHLEN
183,EHER GEBILDET,EHER NIEDRIG,ALTE BUNDESLAENDER,FRAU,JUNG,JA,DIE LINKE
184,EHER UNGEBILDET,EHER NIEDRIG,NEUE BUNDESLAENDER,MANN,ALT,JA,SPD
185,EHER UNGEBILDET,EHER HOCH,ALTE BUNDESLAENDER,MANN,ALT,JA,CDU-CSU
186,EHER GEBILDET,EHER NIEDRIG,ALTE BUNDESLAENDER,MANN,ALT,JA,DIE GRUENEN
187,EHER GEBILDET,EHER NIEDRIG,NEUE BUNDESLAENDER,MANN,ALT,JA,AFD
188,EHER GEBILDET,EHER NIEDRIG,ALTE BUNDESLAENDER,FRAU,ALT,NEIN,FDP
189,EHER GEBILDET,EHER NIEDRIG,ALTE BUNDESLAENDER,FRAU,JUNG,NEIN,DIE GRUENEN
190,EHER GEBILDET,EHER NIEDRIG,ALTE BUNDESLAENDER,MANN,ALT,JA,CDU-CSU
191,EHER GEBILDET,EHER NIEDRIG,NEUE BUNDESLAENDER,FRAU,JUNG,JA,CDU-CSU
192,EHER GEBILDET,EHER HOCH,ALTE BUNDESLAENDER,MANN,JUNG,JA,DIE GRUENEN
193,EHER GEBILDET,EHER NIEDRIG,ALTE BUNDESLAENDER,FRAU,JUNG,NEIN,WUERDE NICHT WAEHLEN
194,EHER GEBILDET,EHER NIEDRIG,ALTE BUNDESLAENDER,FRAU,JUNG,JA,CDU-CSU
195,EHER UNGEBILDET,EHER NIEDRIG,NEUE BUNDESLAENDER,MANN,ALT,NEIN,CDU-CSU
196,EHER GEBILDET,EHER NIEDRIG,ALTE BUNDESLAENDER,FRAU,ALT,JA,CDU-CSU
197,EHER UNGEBILDET,EHER NIEDRIG,ALTE BUNDESLAENDER,MANN,JUNG,NEIN,SPD
198,EHER GEBILDET,EHER HOCH,ALTE BUNDESLAENDER,MANN,ALT,JA,FDP
199,EHER UNGEBILDET,EHER NIEDRIG,ALTE BUNDESLAENDER,MANN,ALT,JA,CDU-CSU
200,EHER GEBILDET,EHER NIEDRIG,NEUE BUNDESLAENDER,FRAU,ALT,JA,SPD
201,EHER UNGEBILDET,EHER NIEDRIG,NEUE BUNDESLAENDER,MANN,ALT,JA,DIE LINKE
202,EHER GEBILDET,EHER NIEDRIG,NEUE BUNDESLAENDER,MANN,JUNG,JA,DIE LINKE
203,EHER UNGEBILDET,EHER NIEDRIG,NEUE BUNDESLAENDER,FRAU,ALT,JA,SPD
204,EHER GEBILDET,EHER HOCH,ALTE BUNDESLAENDER,MANN,ALT,JA,FDP
205,EHER GEBILDET,EHER NIEDRIG,NEUE BUNDESLAENDER,FRAU,ALT,JA,DIE LINKE
206,EHER UNGEBILDET,EHER NIEDRIG,NEUE BUNDESLAENDER,FRAU,ALT,JA,CDU-CSU
207,EHER GEBILDET,EHER HOCH,ALTE BUNDESLAENDER,MANN,JUNG,NEIN,SPD
208,EHER GEBILDET,EHER NIEDRIG,NEUE BUNDESLAENDER,MANN,ALT,NEIN,DIE GRUENEN
209,EHER GEBILDET,EHER HOCH,ALTE BUNDESLAENDER,MANN,ALT,JA,WUERDE NICHT WAEHLEN
210,EHER GEBILDET,EHER NIEDRIG,NEUE BUNDESLAENDER,MANN,ALT,JA,FDP
211,EHER UNGEBILDET,EHER NIEDRIG,NEUE BUNDESLAENDER,FRAU,ALT,NEIN,SPD
212,EHER GEBILDET,EHER NIEDRIG,NEUE BUNDESLAENDER,FRAU,ALT,JA,DIE LINKE
213,EHER GEBILDET,EHER NIEDRIG,ALTE BUNDESLAENDER,FRAU,JUNG,JA,SPD
214,EHER GEBILDET,EHER NIEDRIG,ALTE BUNDESLAENDER,FRAU,JUNG,NEIN,SPD
215,EHER GEBILDET,EHER HOCH,ALTE BUNDESLAENDER,MANN,ALT,JA,DIE LINKE
216,EHER UNGEBILDET,EHER NIEDRIG,NEUE BUNDESLAENDER,MANN,JUNG,JA,AFD
217,EHER GEBILDET,EHER NIEDRIG,ALTE BUNDESLAENDER,MANN,ALT,JA,DIE LINKE
218,EHER GEBILDET,EHER NIEDRIG,ALTE BUNDESLAENDER,MANN,JUNG,JA,CDU-CSU
219,EHER UNGEBILDET,EHER NIEDRIG,ALTE BUNDESLAENDER,MANN,ALT,JA,AFD
220,EHER GEBILDET,EHER NIEDRIG,NEUE BUNDESLAENDER,MANN,ALT,JA,AFD
221,EHER GEBILDET,EHER NIEDRIG,ALTE BUNDESLAENDER,FRAU,ALT,JA,DIE GRUENEN
222,EHER UNGEBILDET,EHER NIEDRIG,ALTE BUNDESLAENDER,FRAU,JUNG,NEIN,DIE LINKE
223,EHER GEBILDET,EHER HOCH,ALTE BUNDESLAENDER,FRAU,ALT,JA,SPD
224,EHER GEBILDET,EHER HOCH,ALTE BUNDESLAENDER,MANN,JUNG,JA,CDU-CSU
225,EHER GEBILDET,EHER NIEDRIG,ALTE BUNDESLAENDER,FRAU,ALT,JA,DIE GRUENEN
226,EHER GEBILDET,EHER NIEDRIG,NEUE BUNDESLAENDER,FRAU,JUNG,NEIN,WUERDE NICHT WAEHLEN
227,EHER GEBILDET,EHER NIEDRIG,ALTE BUNDESLAENDER,FRAU,ALT,JA,DIE GRUENEN
228,EHER GEBILDET,EHER NIEDRIG,ALTE BUNDESLAENDER,FRAU,ALT,JA,CDU-CSU
229,EHER UNGEBILDET,EHER NIEDRIG,ALTE BUNDESLAENDER,FRAU,JUNG,JA,SPD
230,EHER GEBILDET,EHER NIEDRIG,ALTE BUNDESLAENDER,MANN,JUNG,NEIN,WUERDE NICHT WAEHLEN
231,EHER GEBILDET,EHER NIEDRIG,ALTE BUNDESLAENDER,MANN,ALT,JA,SPD
232,EHER GEBILDET,EHER NIEDRIG,ALTE BUNDESLAENDER,FRAU,JUNG,JA,SPD
233,EHER UNGEBILDET,EHER NIEDRIG,NEUE BUNDESLAENDER,FRAU,ALT,JA,DIE LINKE
234,EHER UNGEBILDET,EHER NIEDRIG,ALTE BUNDESLAENDER,FRAU,ALT,JA,CDU-CSU
235,EHER GEBILDET,EHER HOCH,ALTE BUNDESLAENDER,MANN,ALT,JA,AFD
236,EHER GEBILDET,EHER NIEDRIG,NEUE BUNDESLAENDER,FRAU,ALT,JA,DIE GRUENEN
237,EHER UNGEBILDET,EHER NIEDRIG,ALTE BUNDESLAENDER,FRAU,ALT,NEIN,WUERDE NICHT WAEHLEN
238,EHER GEBILDET,EHER NIEDRIG,NEUE BUNDESLAENDER,MANN,ALT,JA,CDU-CSU
239,EHER GEBILDET,EHER NIEDRIG,NEUE BUNDESLAENDER,MANN,ALT,JA,SPD
240,EHER GEBILDET,EHER NIEDRIG,ALTE BUNDESLAENDER,MANN,JUNG,JA,AFD
241,EHER UNGEBILDET,EHER NIEDRIG,NEUE BUNDESLAENDER,MANN,ALT,NEIN,WUERDE NICHT WAEHLEN
242,EHER GEBILDET,EHER NIEDRIG,ALTE BUNDESLAENDER,FRAU,ALT,JA,CDU-CSU
243,EHER UNGEBILDET,EHER NIEDRIG,ALTE BUNDESLAENDER,MANN,JUNG,JA,AFD
244,EHER GEBILDET,EHER NIEDRIG,NEUE BUNDESLAENDER,FRAU,ALT,JA,DIE GRUENEN
245,EHER GEBILDET,EHER NIEDRIG,ALTE BUNDESLAENDER,MANN,JUNG,JA,SPD
246,EHER UNGEBILDET,EHER NIEDRIG,ALTE BUNDESLAENDER,FRAU,ALT,JA,SPD
247,EHER UNGEBILDET,EHER NIEDRIG,ALTE BUNDESLAENDER,MANN,ALT,NEIN,AFD
248,EHER GEBILDET,EHER HOCH,ALTE BUNDESLAENDER,FRAU,JUNG,NEIN,DIE GRUENEN
249,EHER GEBILDET,EHER HOCH,ALTE BUNDESLAENDER,MANN,ALT,JA,SPD
250,EHER GEBILDET,EHER NIEDRIG,NEUE BUNDESLAENDER,FRAU,JUNG,JA,SPD
251,EHER GEBILDET,EHER NIEDRIG,ALTE BUNDESLAENDER,FRAU,JUNG,JA,DIE GRUENEN
252,EHER GEBILDET,EHER NIEDRIG,ALTE BUNDESLAENDER,FRAU,JUNG,JA,CDU-CSU
253,EHER GEBILDET,EHER NIEDRIG,ALTE BUNDESLAENDER,MANN,JUNG,JA,FDP
254,EHER UNGEBILDET,EHER NIEDRIG,ALTE BUNDESLAENDER,MANN,ALT,JA,CDU-CSU
255,EHER GEBILDET,EHER NIEDRIG,NEUE BUNDESLAENDER,MANN,ALT,JA,SPD
256,EHER GEBILDET,EHER NIEDRIG,ALTE BUNDESLAENDER,FRAU,JUNG,JA,DIE GRUENEN
257,EHER UNGEBILDET,EHER NIEDRIG,NEUE BUNDESLAENDER,FRAU,ALT,JA,SPD
258,EHER GEBILDET,EHER NIEDRIG,NEUE BUNDESLAENDER,MANN,JUNG,NEIN,CDU-CSU
259,EHER GEBILDET,EHER NIEDRIG,ALTE BUNDESLAENDER,FRAU,JUNG,JA,CDU-CSU
260,EHER GEBILDET,EHER NIEDRIG,ALTE BUNDESLAENDER,FRAU,ALT,JA,DIE GRUENEN
261,EHER GEBILDET,EHER NIEDRIG,NEUE BUNDESLAENDER,FRAU,ALT,JA,SPD
262,EHER UNGEBILDET,EHER NIEDRIG,ALTE BUNDESLAENDER,FRAU,ALT,JA,DIE GRUENEN
263,EHER UNGEBILDET,EHER NIEDRIG,NEUE BUNDESLAENDER,FRAU,ALT,JA,DIE LINKE
264,EHER GEBILDET,EHER NIEDRIG,ALTE BUNDESLAENDER,FRAU,ALT,JA,SPD
265,EHER GEBILDET,EHER NIEDRIG,ALTE BUNDESLAENDER,FRAU,JUNG,NEIN,SPD
266,EHER GEBILDET,EHER HOCH,ALTE BUNDESLAENDER,MANN,JUNG,JA,DIE GRUENEN
267,EHER GEBILDET,EHER NIEDRIG,ALTE BUNDESLAENDER,FRAU,ALT,JA,SPD
268,EHER GEBILDET,EHER NIEDRIG,NEUE BUNDESLAENDER,FRAU,ALT,NEIN,AFD
269,EHER UNGEBILDET,EHER NIEDRIG,ALTE BUNDESLAENDER,FRAU,JUNG,NEIN,CDU-CSU
270,EHER GEBILDET,EHER NIEDRIG,NEUE BUNDESLAENDER,FRAU,JUNG,JA,CDU-CSU
271,EHER GEBILDET,EHER NIEDRIG,ALTE BUNDESLAENDER,MANN,ALT,JA,DIE GRUENEN
272,EHER GEBILDET,EHER NIEDRIG,NEUE BUNDESLAENDER,FRAU,ALT,JA,DIE LINKE
273,EHER UNGEBILDET,EHER NIEDRIG,ALTE BUNDESLAENDER,MANN,ALT,JA,CDU-CSU
274,EHER GEBILDET,EHER NIEDRIG,ALTE BUNDESLAENDER,FRAU,JUNG,JA,DIE GRUENEN
275,EHER GEBILDET,EHER NIEDRIG,NEUE BUNDESLAENDER,FRAU,ALT,JA,DIE GRUENEN
276,EHER GEBILDET,EHER NIEDRIG,ALTE BUNDESLAENDER,MANN,JUNG,JA,FDP
277,EHER GEBILDET,EHER NIEDRIG,ALTE BUNDESLAENDER,MANN,JUNG,JA,DIE GRUENEN
278,EHER UNGEBILDET,EHER NIEDRIG,ALTE BUNDESLAENDER,MANN,ALT,NEIN,DIE GRUENEN
279,EHER GEBILDET,EHER HOCH,ALTE BUNDESLAENDER,MANN,ALT,JA,AFD
280,EHER UNGEBILDET,EHER NIEDRIG,NEUE BUNDESLAENDER,FRAU,ALT,JA,CDU-CSU
281,EHER GEBILDET,EHER NIEDRIG,ALTE BUNDESLAENDER,MANN,JUNG,JA,DIE GRUENEN
282,EHER GEBILDET,EHER NIEDRIG,NEUE BUNDESLAENDER,MANN,JUNG,JA,DIE LINKE
283,EHER GEBILDET,EHER NIEDRIG,ALTE BUNDESLAENDER,MANN,JUNG,JA,DIE GRUENEN
284,EHER UNGEBILDET,EHER NIEDRIG,ALTE BUNDESLAENDER,FRAU,ALT,JA,AFD
285,EHER GEBILDET,EHER NIEDRIG,NEUE BUNDESLAENDER,FRAU,ALT,JA,CDU-CSU
286,EHER GEBILDET,EHER NIEDRIG,ALTE BUNDESLAENDER,MANN,JUNG,JA,FDP
287,EHER GEBILDET,EHER NIEDRIG,NEUE BUNDESLAENDER,FRAU,ALT,JA,FDP
288,EHER GEBILDET,EHER NIEDRIG,ALTE BUNDESLAENDER,FRAU,ALT,NEIN,DIE GRUENEN
289,EHER GEBILDET,EHER HOCH,ALTE BUNDESLAENDER,FRAU,JUNG,JA,DIE GRUENEN
290,EHER GEBILDET,EHER NIEDRIG,ALTE BUNDESLAENDER,FRAU,JUNG,JA,SPD
291,EHER GEBILDET,EHER NIEDRIG,NEUE BUNDESLAENDER,MANN,ALT,JA,DIE LINKE
292,EHER GEBILDET,EHER HOCH,ALTE BUNDESLAENDER,FRAU,JUNG,JA,CDU-CSU
293,EHER GEBILDET,EHER NIEDRIG,ALTE BUNDESLAENDER,MANN,ALT,NEIN,SPD
294,EHER UNGEBILDET,EHER HOCH,ALTE BUNDESLAENDER,MANN,ALT,JA,SPD
295,EHER GEBILDET,EHER NIEDRIG,ALTE BUNDESLAENDER,FRAU,JUNG,JA,CDU-CSU
296,EHER GEBILDET,EHER HOCH,ALTE BUNDESLAENDER,FRAU,ALT,JA,FDP
297,EHER GEBILDET,EHER NIEDRIG,NEUE BUNDESLAENDER,MANN,JUNG,JA,CDU-CSU
298,EHER GEBILDET,EHER NIEDRIG,NEUE BUNDESLAENDER,FRAU,ALT,JA,AFD
299,EHER UNGEBILDET,EHER NIEDRIG,NEUE BUNDESLAENDER,MANN,ALT,JA,CDU-CSU
300,EHER UNGEBILDET,EHER NIEDRIG,ALTE BUNDESLAENDER,MANN,ALT,JA,SPD
301,EHER GEBILDET,EHER NIEDRIG,NEUE BUNDESLAENDER,MANN,ALT,NEIN,WUERDE NICHT WAEHLEN
302,EHER GEBILDET,EHER HOCH,NEUE BUNDESLAENDER,FRAU,ALT,JA,DIE GRUENEN
303,EHER GEBILDET,EHER NIEDRIG,NEUE BUNDESLAENDER,MANN,ALT,JA,SPD
304,EHER GEBILDET,EHER HOCH,ALTE BUNDESLAENDER,FRAU,JUNG,JA,SPD
305,EHER GEBILDET,EHER NIEDRIG,ALTE BUNDESLAENDER,FRAU,JUNG,NEIN,SPD
306,EHER GEBILDET,EHER NIEDRIG,ALTE BUNDESLAENDER,FRAU,ALT,JA,DIE GRUENEN
307,EHER GEBILDET,EHER NIEDRIG,NEUE BUNDESLAENDER,MANN,ALT,JA,CDU-CSU
308,EHER GEBILDET,EHER NIEDRIG,ALTE BUNDESLAENDER,MANN,ALT,JA,CDU-CSU
309,EHER GEBILDET,EHER NIEDRIG,ALTE BUNDESLAENDER,FRAU,ALT,JA,CDU-CSU
310,EHER UNGEBILDET,EHER NIEDRIG,ALTE BUNDESLAENDER,MANN,ALT,JA,CDU-CSU
311,EHER GEBILDET,EHER NIEDRIG,ALTE BUNDESLAENDER,MANN,ALT,JA,DIE GRUENEN
312,EHER GEBILDET,EHER NIEDRIG,ALTE BUNDESLAENDER,FRAU,JUNG,JA,SPD
313,EHER UNGEBILDET,EHER NIEDRIG,ALTE BUNDESLAENDER,FRAU,ALT,NEIN,WUERDE NICHT WAEHLEN
314,EHER UNGEBILDET,EHER NIEDRIG,ALTE BUNDESLAENDER,MANN,ALT,JA,CDU-CSU
315,EHER GEBILDET,EHER NIEDRIG,ALTE BUNDESLAENDER,FRAU,ALT,JA,DIE GRUENEN
316,EHER UNGEBILDET,EHER NIEDRIG,ALTE BUNDESLAENDER,MANN,ALT,JA,CDU-CSU
317,EHER GEBILDET,EHER NIEDRIG,ALTE BUNDESLAENDER,MANN,JUNG,JA,WUERDE NICHT WAEHLEN
318,EHER GEBILDET,EHER NIEDRIG,ALTE BUNDESLAENDER,FRAU,JUNG,JA,CDU-CSU
319,EHER GEBILDET,EHER NIEDRIG,ALTE BUNDESLAENDER,FRAU,ALT,NEIN,DIE GRUENEN
320,EHER GEBILDET,EHER HOCH,ALTE BUNDESLAENDER,MANN,ALT,JA,WUERDE NICHT WAEHLEN
321,EHER UNGEBILDET,EHER NIEDRIG,NEUE BUNDESLAENDER,MANN,ALT,JA,SPD
322,EHER UNGEBILDET,EHER NIEDRIG,ALTE BUNDESLAENDER,MANN,ALT,JA,SPD
323,EHER UNGEBILDET,EHER NIEDRIG,NEUE BUNDESLAENDER,FRAU,ALT,JA,DIE LINKE
324,EHER GEBILDET,EHER NIEDRIG,ALTE BUNDESLAENDER,MANN,ALT,JA,SPD
325,EHER GEBILDET,EHER NIEDRIG,NEUE BUNDESLAENDER,MANN,JUNG,JA,FDP
326,EHER GEBILDET,EHER HOCH,ALTE BUNDESLAENDER,MANN,JUNG,JA,DIE GRUENEN
327,EHER GEBILDET,EHER NIEDRIG,ALTE BUNDESLAENDER,FRAU,ALT,JA,SPD
328,EHER GEBILDET,EHER NIEDRIG,NEUE BUNDESLAENDER,MANN,ALT,JA,AFD
329,EHER GEBILDET,EHER NIEDRIG,NEUE BUNDESLAENDER,FRAU,ALT,JA,DIE GRUENEN
330,EHER UNGEBILDET,EHER NIEDRIG,ALTE BUNDESLAENDER,FRAU,ALT,JA,FDP
331,EHER GEBILDET,EHER NIEDRIG,ALTE BUNDESLAENDER,FRAU,ALT,JA,CDU-CSU
332,EHER UNGEBILDET,EHER NIEDRIG,ALTE BUNDESLAENDER,MANN,ALT,NEIN,AFD
333,EHER GEBILDET,EHER NIEDRIG,NEUE BUNDESLAENDER,MANN,JUNG,JA,SPD
334,EHER GEBILDET,EHER NIEDRIG,NEUE BUNDESLAENDER,MANN,ALT,JA,DIE LINKE
335,EHER UNGEBILDET,EHER NIEDRIG,ALTE BUNDESLAENDER,FRAU,JUNG,NEIN,SPD
336,EHER GEBILDET,EHER NIEDRIG,ALTE BUNDESLAENDER,MANN,JUNG,JA,AFD
337,EHER GEBILDET,EHER NIEDRIG,NEUE BUNDESLAENDER,FRAU,JUNG,NEIN,CDU-CSU
338,EHER GEBILDET,EHER NIEDRIG,ALTE BUNDESLAENDER,FRAU,JUNG,JA,CDU-CSU
339,EHER GEBILDET,EHER NIEDRIG,NEUE BUNDESLAENDER,MANN,ALT,JA,SPD
340,EHER GEBILDET,EHER NIEDRIG,ALTE BUNDESLAENDER,FRAU,ALT,JA,CDU-CSU
341,EHER GEBILDET,EHER NIEDRIG,ALTE BUNDESLAENDER,MANN,ALT,JA,DIE GRUENEN
342,EHER GEBILDET,EHER HOCH,ALTE BUNDESLAENDER,FRAU,ALT,JA,DIE GRUENEN
343,EHER UNGEBILDET,EHER NIEDRIG,NEUE BUNDESLAENDER,MANN,ALT,NEIN,SPD
344,EHER UNGEBILDET,EHER NIEDRIG,NEUE BUNDESLAENDER,FRAU,ALT,JA,SPD
345,EHER GEBILDET,EHER NIEDRIG,NEUE BUNDESLAENDER,MANN,ALT,JA,DIE GRUENEN
346,EHER GEBILDET,EHER HOCH,ALTE BUNDESLAENDER,MANN,ALT,JA,SPD
347,EHER GEBILDET,EHER NIEDRIG,ALTE BUNDESLAENDER,FRAU,JUNG,NEIN,FDP
348,EHER GEBILDET,EHER NIEDRIG,ALTE BUNDESLAENDER,MANN,ALT,JA,DIE GRUENEN
349,EHER GEBILDET,EHER NIEDRIG,ALTE BUNDESLAENDER,MANN,ALT,JA,DIE LINKE
350,EHER GEBILDET,EHER NIEDRIG,NEUE BUNDESLAENDER,FRAU,JUNG,JA,DIE LINKE
351,EHER GEBILDET,EHER NIEDRIG,ALTE BUNDESLAENDER,MANN,ALT,JA,AFD
352,EHER GEBILDET,EHER NIEDRIG,ALTE BUNDESLAENDER,MANN,ALT,JA,DIE LINKE
353,EHER GEBILDET,EHER HOCH,ALTE BUNDESLAENDER,MANN,JUNG,JA,AFD
354,EHER GEBILDET,EHER NIEDRIG,NEUE BUNDESLAENDER,MANN,ALT,JA,DIE LINKE
355,EHER GEBILDET,EHER NIEDRIG,ALTE BUNDESLAENDER,MANN,ALT,JA,CDU-CSU
356,EHER GEBILDET,EHER NIEDRIG,ALTE BUNDESLAENDER,FRAU,JUNG,JA,DIE GRUENEN
357,EHER UNGEBILDET,EHER NIEDRIG,NEUE BUNDESLAENDER,MANN,ALT,JA,SPD
358,EHER GEBILDET,EHER NIEDRIG,NEUE BUNDESLAENDER,MANN,ALT,NEIN,DIE LINKE
359,EHER GEBILDET,EHER NIEDRIG,NEUE BUNDESLAENDER,MANN,JUNG,JA,SPD
360,EHER UNGEBILDET,EHER HOCH,ALTE BUNDESLAENDER,MANN,ALT,JA,SPD
361,EHER UNGEBILDET,EHER NIEDRIG,ALTE BUNDESLAENDER,MANN,ALT,NEIN,WUERDE NICHT WAEHLEN
362,EHER GEBILDET,EHER HOCH,NEUE BUNDESLAENDER,MANN,ALT,JA,CDU-CSU
363,EHER UNGEBILDET,EHER NIEDRIG,ALTE BUNDESLAENDER,FRAU,ALT,JA,DIE GRUENEN
364,EHER UNGEBILDET,EHER NIEDRIG,ALTE BUNDESLAENDER,MANN,ALT,JA,FDP
365,EHER UNGEBILDET,EHER NIEDRIG,NEUE BUNDESLAENDER,FRAU,ALT,JA,DIE GRUENEN
366,EHER UNGEBILDET,EHER NIEDRIG,ALTE BUNDESLAENDER,MANN,JUNG,JA,CDU-CSU
367,EHER GEBILDET,EHER HOCH,ALTE BUNDESLAENDER,MANN,ALT,JA,FDP
368,EHER GEBILDET,EHER NIEDRIG,NEUE BUNDESLAENDER,FRAU,ALT,JA,CDU-CSU
369,EHER GEBILDET,EHER NIEDRIG,NEUE BUNDESLAENDER,MANN,ALT,JA,CDU-CSU
370,EHER GEBILDET,EHER NIEDRIG,NEUE BUNDESLAENDER,FRAU,ALT,JA,SPD
371,EHER GEBILDET,EHER NIEDRIG,NEUE BUNDESLAENDER,FRAU,ALT,JA,SPD
372,EHER GEBILDET,EHER NIEDRIG,NEUE BUNDESLAENDER,FRAU,ALT,JA,SPD
373,EHER GEBILDET,EHER NIEDRIG,ALTE BUNDESLAENDER,FRAU,JUNG,JA,NPD
374,EHER UNGEBILDET,EHER HOCH,ALTE BUNDESLAENDER,MANN,ALT,JA,AFD
375,EHER GEBILDET,EHER NIEDRIG,ALTE BUNDESLAENDER,FRAU,ALT,JA,FDP
376,EHER GEBILDET,EHER NIEDRIG,ALTE BUNDESLAENDER,MANN,ALT,JA,AFD
377,EHER GEBILDET,EHER NIEDRIG,ALTE BUNDESLAENDER,MANN,ALT,JA,DIE GRUENEN
378,EHER GEBILDET,EHER NIEDRIG,ALTE BUNDESLAENDER,FRAU,ALT,JA,CDU-CSU
379,EHER GEBILDET,EHER HOCH,ALTE BUNDESLAENDER,MANN,ALT,JA,AFD
380,EHER GEBILDET,EHER HOCH,ALTE BUNDESLAENDER,MANN,JUNG,JA,SPD
381,EHER UNGEBILDET,EHER NIEDRIG,ALTE BUNDESLAENDER,FRAU,ALT,JA,AFD
382,EHER GEBILDET,EHER HOCH,ALTE BUNDESLAENDER,MANN,ALT,JA,DIE GRUENEN
383,EHER UNGEBILDET,EHER NIEDRIG,ALTE BUNDESLAENDER,FRAU,JUNG,JA,WUERDE NICHT WAEHLEN
384,EHER UNGEBILDET,EHER NIEDRIG,NEUE BUNDESLAENDER,FRAU,JUNG,NEIN,AFD
385,EHER GEBILDET,EHER HOCH,ALTE BUNDESLAENDER,MANN,JUNG,JA,DIE GRUENEN
386,EHER UNGEBILDET,EHER NIEDRIG,NEUE BUNDESLAENDER,FRAU,ALT,JA,CDU-CSU
387,EHER UNGEBILDET,EHER NIEDRIG,ALTE BUNDESLAENDER,MANN,ALT,JA,CDU-CSU
388,EHER GEBILDET,EHER NIEDRIG,ALTE BUNDESLAENDER,FRAU,JUNG,NEIN,DIE GRUENEN
389,EHER UNGEBILDET,EHER HOCH,ALTE BUNDESLAENDER,MANN,ALT,JA,SPD
390,EHER GEBILDET,EHER NIEDRIG,ALTE BUNDESLAENDER,MANN,JUNG,NEIN,CDU-CSU
391,EHER GEBILDET,EHER NIEDRIG,NEUE BUNDESLAENDER,MANN,ALT,JA,SPD
392,EHER GEBILDET,EHER NIEDRIG,ALTE BUNDESLAENDER,FRAU,JUNG,NEIN,CDU-CSU
393,EHER GEBILDET,EHER NIEDRIG,ALTE BUNDESLAENDER,FRAU,ALT,JA,SPD
394,EHER UNGEBILDET,EHER NIEDRIG,NEUE BUNDESLAENDER,FRAU,ALT,JA,DIE LINKE
395,EHER GEBILDET,EHER HOCH,ALTE BUNDESLAENDER,MANN,ALT,NEIN,FDP
396,EHER GEBILDET,EHER HOCH,NEUE BUNDESLAENDER,MANN,ALT,JA,SPD
397,EHER UNGEBILDET,EHER NIEDRIG,ALTE BUNDESLAENDER,MANN,ALT,NEIN,FDP
398,EHER GEBILDET,EHER NIEDRIG,ALTE BUNDESLAENDER,FRAU,JUNG,JA,DIE GRUENEN
399,EHER GEBILDET,EHER NIEDRIG,ALTE BUNDESLAENDER,MANN,JUNG,JA,AFD
400,EHER UNGEBILDET,EHER NIEDRIG,NEUE BUNDESLAENDER,MANN,ALT,NEIN,DIE LINKE
401,EHER UNGEBILDET,EHER NIEDRIG,ALTE BUNDESLAENDER,FRAU,JUNG,NEIN,SPD
402,EHER UNGEBILDET,EHER NIEDRIG,ALTE BUNDESLAENDER,FRAU,ALT,JA,AFD
403,EHER GEBILDET,EHER NIEDRIG,ALTE BUNDESLAENDER,FRAU,ALT,JA,DIE GRUENEN
404,EHER UNGEBILDET,EHER NIEDRIG,ALTE BUNDESLAENDER,MANN,ALT,JA,FDP
405,EHER GEBILDET,EHER NIEDRIG,NEUE BUNDESLAENDER,FRAU,ALT,JA,DIE GRUENEN
406,EHER GEBILDET,EHER NIEDRIG,ALTE BUNDESLAENDER,MANN,JUNG,JA,CDU-CSU
407,EHER GEBILDET,EHER NIEDRIG,NEUE BUNDESLAENDER,MANN,ALT,NEIN,WUERDE NICHT WAEHLEN
408,EHER GEBILDET,EHER NIEDRIG,ALTE BUNDESLAENDER,MANN,JUNG,JA,FDP
409,EHER UNGEBILDET,EHER HOCH,ALTE BUNDESLAENDER,MANN,ALT,JA,AFD
410,EHER GEBILDET,EHER NIEDRIG,NEUE BUNDESLAENDER,MANN,JUNG,NEIN,WUERDE NICHT WAEHLEN
411,EHER GEBILDET,EHER NIEDRIG,NEUE BUNDESLAENDER,MANN,ALT,JA,SPD
412,EHER GEBILDET,EHER NIEDRIG,ALTE BUNDESLAENDER,FRAU,JUNG,NEIN,DIE LINKE
413,EHER GEBILDET,EHER NIEDRIG,NEUE BUNDESLAENDER,FRAU,JUNG,NEIN,WUERDE NICHT WAEHLEN
414,EHER GEBILDET,EHER NIEDRIG,NEUE BUNDESLAENDER,FRAU,ALT,JA,DIE LINKE
415,EHER GEBILDET,EHER NIEDRIG,NEUE BUNDESLAENDER,MANN,ALT,NEIN,AFD
416,EHER GEBILDET,EHER NIEDRIG,NEUE BUNDESLAENDER,MANN,ALT,JA,CDU-CSU
417,EHER GEBILDET,EHER NIEDRIG,ALTE BUNDESLAENDER,FRAU,JUNG,NEIN,SPD
418,EHER GEBILDET,EHER HOCH,NEUE BUNDESLAENDER,MANN,ALT,JA,FDP
419,EHER UNGEBILDET,EHER NIEDRIG,ALTE BUNDESLAENDER,FRAU,JUNG,JA,AFD
420,EHER GEBILDET,EHER NIEDRIG,ALTE BUNDESLAENDER,FRAU,ALT,JA,SPD
421,EHER UNGEBILDET,EHER NIEDRIG,ALTE BUNDESLAENDER,FRAU,ALT,NEIN,CDU-CSU
422,EHER GEBILDET,EHER HOCH,ALTE BUNDESLAENDER,MANN,ALT,JA,AFD
423,EHER GEBILDET,EHER NIEDRIG,ALTE BUNDESLAENDER,FRAU,JUNG,JA,FDP
424,EHER GEBILDET,EHER NIEDRIG,NEUE BUNDESLAENDER,MANN,ALT,JA,CDU-CSU
425,EHER UNGEBILDET,EHER NIEDRIG,NEUE BUNDESLAENDER,MANN,ALT,NEIN,AFD
426,EHER GEBILDET,EHER HOCH,ALTE BUNDESLAENDER,FRAU,JUNG,NEIN,CDU-CSU
427,EHER GEBILDET,EHER NIEDRIG,NEUE BUNDESLAENDER,MANN,JUNG,NEIN,WUERDE NICHT WAEHLEN
428,EHER GEBILDET,EHER NIEDRIG,ALTE BUNDESLAENDER,MANN,JUNG,JA,DIE GRUENEN
429,EHER GEBILDET,EHER HOCH,ALTE BUNDESLAENDER,MANN,JUNG,JA,CDU-CSU
430,EHER GEBILDET,EHER NIEDRIG,NEUE BUNDESLAENDER,FRAU,ALT,JA,DIE LINKE
431,EHER UNGEBILDET,EHER NIEDRIG,NEUE BUNDESLAENDER,FRAU,ALT,NEIN,CDU-CSU
432,EHER UNGEBILDET,EHER NIEDRIG,ALTE BUNDESLAENDER,FRAU,ALT,NEIN,SPD
433,EHER GEBILDET,EHER NIEDRIG,ALTE BUNDESLAENDER,FRAU,JUNG,JA,SPD
434,EHER GEBILDET,EHER NIEDRIG,ALTE BUNDESLAENDER,MANN,JUNG,JA,CDU-CSU
435,EHER GEBILDET,EHER NIEDRIG,NEUE BUNDESLAENDER,FRAU,ALT,JA,WUERDE NICHT WAEHLEN
436,EHER GEBILDET,EHER HOCH,ALTE BUNDESLAENDER,MANN,JUNG,JA,CDU-CSU
437,EHER UNGEBILDET,EHER NIEDRIG,ALTE BUNDESLAENDER,MANN,ALT,JA,AFD
438,EHER GEBILDET,EHER NIEDRIG,NEUE BUNDESLAENDER,FRAU,ALT,JA,AFD
439,EHER GEBILDET,EHER NIEDRIG,NEUE BUNDESLAENDER,FRAU,JUNG,JA,DIE GRUENEN
440,EHER GEBILDET,EHER HOCH,ALTE BUNDESLAENDER,MANN,JUNG,JA,CDU-CSU
441,EHER GEBILDET,EHER HOCH,ALTE BUNDESLAENDER,MANN,ALT,JA,CDU-CSU
442,EHER GEBILDET,EHER NIEDRIG,ALTE BUNDESLAENDER,FRAU,JUNG,NEIN,DIE GRUENEN
443,EHER UNGEBILDET,EHER NIEDRIG,ALTE BUNDESLAENDER,FRAU,ALT,JA,WUERDE NICHT WAEHLEN
444,EHER GEBILDET,EHER NIEDRIG,ALTE BUNDESLAENDER,FRAU,JUNG,JA,SPD
445,EHER UNGEBILDET,EHER NIEDRIG,ALTE BUNDESLAENDER,FRAU,ALT,JA,SPD
446,EHER UNGEBILDET,EHER NIEDRIG,ALTE BUNDESLAENDER,FRAU,ALT,JA,SPD
447,EHER GEBILDET,EHER NIEDRIG,NEUE BUNDESLAENDER,MANN,ALT,JA,DIE GRUENEN
448,EHER GEBILDET,EHER HOCH,ALTE BUNDESLAENDER,MANN,ALT,JA,CDU-CSU
449,EHER GEBILDET,EHER NIEDRIG,NEUE BUNDESLAENDER,FRAU,ALT,JA,DIE LINKE
450,EHER GEBILDET,EHER NIEDRIG,NEUE BUNDESLAENDER,FRAU,ALT,NEIN,SPD
451,EHER GEBILDET,EHER NIEDRIG,ALTE BUNDESLAENDER,FRAU,JUNG,NEIN,SPD
452,EHER GEBILDET,EHER NIEDRIG,ALTE BUNDESLAENDER,MANN,JUNG,JA,SPD
453,EHER GEBILDET,EHER NIEDRIG,ALTE BUNDESLAENDER,FRAU,JUNG,JA,DIE GRUENEN
454,EHER GEBILDET,EHER NIEDRIG,ALTE BUNDESLAENDER,MANN,JUNG,JA,SPD
455,EHER GEBILDET,EHER NIEDRIG,ALTE BUNDESLAENDER,MANN,ALT,JA,CDU-CSU
456,EHER GEBILDET,EHER NIEDRIG,ALTE BUNDESLAENDER,MANN,JUNG,JA,DIE LINKE
457,EHER GEBILDET,EHER HOCH,ALTE BUNDESLAENDER,MANN,JUNG,JA,CDU-CSU
458,EHER GEBILDET,EHER HOCH,ALTE BUNDESLAENDER,MANN,JUNG,JA,CDU-CSU
459,EHER GEBILDET,EHER NIEDRIG,ALTE BUNDESLAENDER,FRAU,ALT,JA,CDU-CSU
460,EHER GEBILDET,EHER NIEDRIG,NEUE BUNDESLAENDER,FRAU,JUNG,JA,FDP
461,EHER UNGEBILDET,EHER NIEDRIG,ALTE BUNDESLAENDER,MANN,ALT,NEIN,SPD
462,EHER GEBILDET,EHER HOCH,ALTE BUNDESLAENDER,MANN,ALT,JA,DIE GRUENEN
463,EHER GEBILDET,EHER HOCH,ALTE BUNDESLAENDER,MANN,ALT,JA,CDU-CSU
464,EHER GEBILDET,EHER NIEDRIG,NEUE BUNDESLAENDER,MANN,JUNG,JA,CDU-CSU
465,EHER GEBILDET,EHER HOCH,ALTE BUNDESLAENDER,FRAU,ALT,JA,FDP
466,EHER GEBILDET,EHER NIEDRIG,NEUE BUNDESLAENDER,FRAU,JUNG,JA,DIE GRUENEN
467,EHER GEBILDET,EHER NIEDRIG,ALTE BUNDESLAENDER,FRAU,ALT,JA,CDU-CSU
468,EHER GEBILDET,EHER NIEDRIG,NEUE BUNDESLAENDER,MANN,ALT,JA,CDU-CSU
469,EHER UNGEBILDET,EHER NIEDRIG,ALTE BUNDESLAENDER,FRAU,ALT,NEIN,CDU-CSU
470,EHER GEBILDET,EHER HOCH,ALTE BUNDESLAENDER,MANN,JUNG,JA,CDU-CSU
471,EHER GEBILDET,EHER HOCH,ALTE BUNDESLAENDER,MANN,ALT,JA,AFD
472,EHER GEBILDET,EHER HOCH,ALTE BUNDESLAENDER,FRAU,ALT,JA,CDU-CSU
473,EHER GEBILDET,EHER HOCH,ALTE BUNDESLAENDER,MANN,ALT,JA,DIE GRUENEN
474,EHER GEBILDET,EHER NIEDRIG,ALTE BUNDESLAENDER,MANN,ALT,JA,SPD
475,EHER GEBILDET,EHER NIEDRIG,ALTE BUNDESLAENDER,FRAU,ALT,JA,SPD
476,EHER GEBILDET,EHER NIEDRIG,NEUE BUNDESLAENDER,FRAU,JUNG,JA,DIE GRUENEN
477,EHER GEBILDET,EHER HOCH,NEUE BUNDESLAENDER,MANN,ALT,JA,SPD
478,EHER GEBILDET,EHER HOCH,NEUE BUNDESLAENDER,MANN,ALT,JA,WUERDE NICHT WAEHLEN
479,EHER GEBILDET,EHER NIEDRIG,ALTE BUNDESLAENDER,MANN,ALT,JA,DIE GRUENEN
480,EHER UNGEBILDET,EHER NIEDRIG,NEUE BUNDESLAENDER,FRAU,ALT,JA,DIE LINKE
481,EHER GEBILDET,EHER NIEDRIG,NEUE BUNDESLAENDER,FRAU,JUNG,JA,DIE GRUENEN
482,EHER UNGEBILDET,EHER NIEDRIG,ALTE BUNDESLAENDER,MANN,ALT,NEIN,DIE GRUENEN
483,EHER GEBILDET,EHER NIEDRIG,ALTE BUNDESLAENDER,FRAU,ALT,NEIN,FDP
484,EHER GEBILDET,EHER NIEDRIG,ALTE BUNDESLAENDER,FRAU,JUNG,NEIN,WUERDE NICHT WAEHLEN
485,EHER GEBILDET,EHER NIEDRIG,ALTE BUNDESLAENDER,FRAU,ALT,JA,CDU-CSU
486,EHER GEBILDET,EHER NIEDRIG,ALTE BUNDESLAENDER,MANN,ALT,JA,SPD
487,EHER GEBILDET,EHER HOCH,ALTE BUNDESLAENDER,MANN,JUNG,JA,WUERDE NICHT WAEHLEN
488,EHER GEBILDET,EHER NIEDRIG,ALTE BUNDESLAENDER,FRAU,ALT,JA,DIE GRUENEN
489,EHER GEBILDET,EHER NIEDRIG,NEUE BUNDESLAENDER,MANN,ALT,JA,DIE LINKE
490,EHER UNGEBILDET,EHER NIEDRIG,ALTE BUNDESLAENDER,FRAU,ALT,JA,AFD
491,EHER GEBILDET,EHER NIEDRIG,ALTE BUNDESLAENDER,FRAU,ALT,NEIN,SPD
492,EHER UNGEBILDET,EHER NIEDRIG,ALTE BUNDESLAENDER,MANN,JUNG,JA,AFD
493,EHER GEBILDET,EHER NIEDRIG,ALTE BUNDESLAENDER,MANN,JUNG,JA,CDU-CSU
494,EHER GEBILDET,EHER NIEDRIG,ALTE BUNDESLAENDER,FRAU,ALT,NEIN,CDU-CSU
495,EHER GEBILDET,EHER NIEDRIG,NEUE BUNDESLAENDER,FRAU,JUNG,JA,WUERDE NICHT WAEHLEN
496,EHER GEBILDET,EHER NIEDRIG,ALTE BUNDESLAENDER,FRAU,JUNG,JA,CDU-CSU
497,EHER GEBILDET,EHER NIEDRIG,ALTE BUNDESLAENDER,MANN,JUNG,JA,DIE GRUENEN
498,EHER GEBILDET,EHER NIEDRIG,ALTE BUNDESLAENDER,MANN,ALT,JA,AFD
499,EHER UNGEBILDET,EHER NIEDRIG,ALTE BUNDESLAENDER,FRAU,JUNG,JA,AFD
